Date,SOFR Fix,SOFR Volume,DTCC Tsy,RRP Amt,TGA Balance,
6/30/2025,4.45,2964,4.574,460.731,245.530,
6/27/2025,4.39,2775,4.405,285.742,338.348,
6/26/2025,4.40,2802,4.412,252.400,304.841,
6/25/2025,4.36,2772,4.408,210.879,334.579,
6/23/2025,4.29,2740,4.343,165.319,374.568,
6/20/2025,4.29,2700,4.331,138.283,366.52,
6/18/2025,4.28,2639,4.329,205.05,383.851,
6/17/2025,4.31,2692,4.360,168.939,409.139,
6/16/2025,4.32,2697,4.380,140.759,446.302,
6/13/2025,4.28,2644,4.340,168.645,288.078,
6/12/2025,4.28,2663,4.326,181.417,260.807,
6/11/2025,4.28,2600,4.327,204.625,277.025,
6/10/2025,4.28,2634,4.334,182.725,309.400,
6/9/2025,4.29,2643,4.338,179.315,358.800,
6/6/2025,4.29,2667,4.328,149.284,344.758,
6/5/2025,4.29,2685,4.335,152.727,350.843,
6/4/2025,4.28,2625,4.329,168.882,376.160,
6/3/2025,4.32,2711,4.362,153.177,382.937,
6/2/2025,4.35,2771,4.385,135.841,439.362,
5/30/2025,4.35,2641,4.390,315.657,351.443,
5/29/2025,4.33,2652,4.365,165.660,399.844,
5/28/2025,4.33,2605,4.371,173.641,436.627,
5/27/2025,4.31,2655,4.380,138.066,477.481,
5/23/2025,4.26,2542,4.300,154.841,470.643,
5/22/2025,4.26,2540,4.290,173.018,473.748,
5/21/2025,4.26,2517,4.306,162.802,475.886,
5/20/2025,4.27,2554,4.325,136.033,511.526,
5/19/2025,4.29,2570,4.320,180.417,523.207,
5/16/2025,4.30,2617,4.349,136.799,504.706,
5/15/2025,4.31,2686,4.369,109.436,496.649,
5/14/2025,4.29,2543,4.332,165.024,562.433,
5/13/2025,4.30,2565,4.345,144.214,590.652,
5/12/2025,4.28,2535,4.332,147.505,583.696,
5/9/2025,4.28,2479,4.330,142.272,572.746,
5/8/2025,4.29,2545,4.333,139.768,576.228,
5/7/2025,4.30,2535,4.334,154.859,595.860,
5/6/2025,4.32,2620,4.364,129.858,583.753,
5/5/2025,4.33,2632,4.364,124.690,590.351,
5/2/2025,4.36,2694,4.392,147.882,574.345,
5/1/2025,4.39,2789,4.433,157.353,593.088,
4/30/2025,4.41,2830,4.488,250.601,677.657,
4/29/2025,4.36,2623,4.394,157.537,616.705,
4/28/2025,4.36,2597,4.413,148.649,597.998,
4/25/2025,4.33,2565,4.385,94.021,571.691,
4/24/2025,4.29,2542,4.332,130.004,562.759,
4/23/2025,4.28,2475,4.312,171.780,576.200,
4/22/2025,4.30,2527,4.335,137.951,606.700,
4/21/2025,4.32,2469,4.364,114.114,626.400,
4/17/2025,4.32,2505,4.384,58.600,600.000,
4/16/2025,4.31,2513,4.376,54.772,638.800,
4/15/2025,4.36,2526,4.418,88.878,600.450,
4/14/2025,4.33,2561,4.354,102.838,415.670,
4/11/2025,4.33,2584,4.362,98.531,330.503,
4/10/2025,4.37,2657,4.357,129.950,314.467,
4/9/2025,4.42,2663,4.400,168.115,315.189,
4/8/2025,4.40,2658,4.434,156.911,346.635,
4/7/2025,4.33,2630,4.396,148.146,309.989,
4/4/2025,4.35,2587,4.362,184.499,291.400,
4/3/2025,4.39,2577,4.414,196.265,296.400,
4/2/2025,4.36,2555,4.413,233.488,301.624,
4/1/2025,4.39,2589,4.427,230.063,299.858,
3/31/2025,4.41,2636,4.510,399.167,405.800,
3/28/2025,4.34,2440,4.383,286.575,301.800,
3/27/2025,4.36,2468,4.395,291.785,280.700,
3/26/2025,4.35,2472,4.397,241.371,316.000,
3/25/2025,4.33,2460,4.388,214.786,350.498,
3/24/2025,4.31,2457,4.351,196.565,385.700,
3/21/2025,4.30,2444,4.335,200.850,361.945,
3/20/2025,4.29,2438,4.342,192.640,383.200,
3/19/2025,4.29,2376,4.323,193.378,415.799,
3/18/2025,4.31,2465,4.352,149.503,450.153,
3/17/2025,4.32,2473,4.381,89.496,530.752,
3/14/2025,4.30,2441,4.338,126.234,414.141,
3/13/2025,4.30,2462,4.337,113.435,412.423,
3/12/2025,4.31,2489,4.342,131.055,450.713,
3/11/2025,4.32,2502,4.363,137.310,500.897,
3/10/2025,4.33,2505,4.346,129.054,542.588,
3/7/2025,4.34,"2,477",4.370,136.305,521.461,
3/6/2025,4.35,2558,4.382,129.269,529.488,
3/5/2025,4.34,2525,4.383,139.493,522.818,
3/4/2025,4.33,2562,4.381,135.257,532.751,
3/3/2025,4.33,2636,4.379,119.987,566.710,
2/28/2025,4.39,2684,4.421,234.422,559.582,
2/27/2025,4.36,2557,4.386,182.044,537.294,
2/26/2025,4.33,2487,4.369,126.058,568.550,
2/25/2025,4.33,2467,4.372,96.000,623.711,
2/24/2025,4.34,2425,4.374,76.818,707.057,
2/21/2025,4.34,2400,4.380,68.983,713.642,
2/20/2025,4.33,2403,4.386,63.207,727.881,
2/19/2025,4.35,2394,4.380,73.196,738.938,
2/18/2025,4.37,2452,4.427,77.817,773.826,
2/14/2025,4.33,2319,4.393,58.770,802.054,
2/13/2025,4.33,2329,4.376,67.820,809.338,
2/12/2025,4.32,2313,4.370,67.670,809.154,
2/11/2025,4.34,2321,4.380,76.446,842.182,
2/10/2025,4.35,2316,4.387,99.653,837.805,
2/7/2025,4.35,2336,4.384,95.248,825.751,
2/6/2025,4.36,2365,4.397,79.983,830.323,
2/5/2025,4.33,2343,4.382,78.788,818.000,
2/4/2025,4.33,2344,4.378,85.654,816.166,
2/3/2025,4.35,2413,4.393,97.781,800.006,
1/31/2025,4.38,2533,4.421,187.913,793.025,
1/30/2025,4.36,2369,4.390,125.965,825.951,
1/29/2025,4.35,2323,4.385,121.842,811.500,
1/28/2025,4.35,2283,4.402,112.760,813.442,
1/27/2025,4.34,2338,4.398,92.863,797.458,
1/24/2025,4.34,2289,4.376,104.877,797.500,
1/23/2025,4.35,2269,4.395,132.031,760.043,
1/22/2025,4.30,2269,4.332,123.981,665.485,
1/21/2025,4.29,2361,4.320,96.015,704.874,
1/17/2025,4.29,2326,4.320,118.327,673.357,
1/16/2025,4.29,2318,4.342,94.489,677.188,
1/15/2025,4.28,2280,4.307,119.977,651.187,
1/14/2025,4.28,2179,4.304,160.219,671.551,
1/13/2025,4.29,2211,4.317,183.669,647.354,
1/10/2025,4.30,2204,4.339,178.800,631.584,
1/9/2025,4.30,2211,4.344,168.225,623.729,
1/8/2025,4.29,2213,4.319,185.144,620.531,
1/7/2025,4.27,2322,4.310,208.296,651.488,
1/6/2025,4.27,2349,4.286,231.926,668.557,
1/3/2025,4.31,"2,398",4.346,237.377,650.277,
1/2/2025,4.40,"2,501",4.419,239.858,677.045,
12/31/2024,4.49,"2,474",4.545,473.460,721.892,
12/30/2024,4.37,"2,290",4.384,260.743,745.427,
12/27/2024,4.46,"2,275",4.439,268.739,720.401,
12/26/2024,4.53,"2,320",4.561,196.818,688.699,
12/24/2024,4.40,"2,282",4.464,180.989,735.039,
12/23/2024,4.31,"2,337",4.377,116.004,792.864,
12/20/2024,4.30,"2,330",4.346,98.356,767.489,
12/19/2024,4.30,"2,390",4.366,112.417,787.982,
12/18/2024,4.57,"2,291",4.608,131.651,803.975,
12/17/2024,4.62,"2,341",4.666,118.093,830.681,
12/16/2024,4.65,2360,4.691,110.753,861.216,
12/13/2024,4.60,2255,4.641,135.777,725.325,
12/12/2024,4.62,2262,4.655,165.025,703.676,
12/11/2024,4.62,2287,4.643,180.120,711.354,
12/10/2024,4.64,2308,4.663,174.842,748.309,
12/9/2024,4.63,2305,4.670,153.029,800.890,
12/6/2024,4.60,2277,4.644,130.014,788.754,
12/5/2024,4.59,2325,4.641,131.964,798.654,
12/4/2024,4.59,2265,4.622,162.866,815.011,
12/3/2024,4.64,2329,4.674,161.572,815.482,
12/2/2024,4.64,2440,4.696,135.858,842.781,
11/29/2024,4.59,2209,4.645,197.627,756.878,
11/27/2024,4.57,2136,4.604,169.815,782.704,
11/26/2024,4.58,"2,214",4.612,148.823,811.242,
11/25/2024,4.58,2206,4.605,186.749,777.116,
11/22/2024,4.57,2188,4.603,204.254,758.663,
11/21/2024,4.57,2291,4.609,188.567,779.696,
11/20/2024,4.56,2155,4.584,217.793,737.834,
11/19/2024,4.57,2275,4.596,200.664,762.717,
11/18/2024,4.57,2297,4.595,200.030,754.133,
11/15/2024,4.57,2425,4.606,172.400,730.911,
11/14/2024,4.58,2177,4.610,214.509,815.693,
11/13/2024,4.59,2233,4.617,238.106,808.857,
12/11/2024,4.60,2298,4.642,178.814,851.371,
8/11/2024,4.60,2184,4.628,163.621,831.278,
7/11/2024,4.82,2266,4.849,159.002,839.963,
6/11/2024,4.81,2128,4.830,177.871,840.227,
5/11/2024,4.82,2235,4.846,144.243,838.800,
4/11/2024,4.82,2308,4.861,171.885,836.603,
1/11/2024,4.86,2164,4.894,155.476,819.229,
31/10/2024,4.90,2244,4.962,201.278,921.042,
30/10/2024,4.81,2045,4.845,228.946,847.137,
29/10/2024,4.82,2116,4.849,244.841,847.063,
28/10/2024,4.82,2194,4.853,251.032,835.894,
25/10/2024,4.83,2188,4.867,227.000,827.478,
24/10/2024,4.83,2246,4.871,202.798,834.134,
23/10/2024,4.83,2129,4.875,270.839,817.410,
22/10/2024,4.83,2226,4.892,237.760,838.690,
21/10/2024,4.82,2322,4.892,261.044,841.596,
18/10/2024,4.84,2168,4.885,259.892,827.798,
17/10/2024,4.85,2334,4.935,262.210,828.847,
16/10/2024,4.86,2317,4.945,272.028,814.751,
15/10/2024,4.86,2272,4.932,286.398,825.653,
11/10/2024,4.81,2058,4.845,331.735,779.699,
10/10/2024,4.82,2198,4.850,322.587,783.345,
9/10/2024,4.83,2220,4.857,343.448,787.395,
8/10/2024,4.84,2166,4.887,325.355,820.191,
7/10/2024,4.83,2350,4.878,322.948,810.517,
4/10/2024,4.83,2377,4.885,330.012,800.250,
3/10/2024,4.85,2182,4.895,341.248,795.948,
2/10/2024,4.92,2426,4.963,383.398,823.412,
1/10/2024,5.05,2395,5.159,375.221,813.994,
30/9/2024,4.96,2523,5.221,465.638,885.725,
27/9/2024,4.84,2077,4.892,436.518,772.704,
26/9/2024,4.83,2329,4.893,424.916,746.699,
25/9/2024,4.84,2133,4.891,416.193,778.910,
24/9/2024,4.84,2171,4.892,388.977,804.696,
23/9/2024,4.83,2198,4.868,380.372,824.326,
20/9/2024,4.83,2147,4.865,339.316,804.739,
19/9/2024,4.82,2378,4.857,311.777,825.250,
18/9/2024,5.33,2194,5.368,305.831,839.398,
17/9/2024,5.38,2161,5.421,256.337,853.715,
16/9/2024,5.38,2212,5.436,239.386,875.103,
13/9/2024,5.33,2232,5.410,284.951,713.930,
12/9/2024,5.33,2097,5.399,294.464,688.354,
11/9/2024,5.32,2308,5.375,279.215,725.577,
10/9/2024,5.33,2161,5.375,281.392,746.095,
9/9/2024,5.34,2094,5.403,292.158,771.405,
6/9/2024,5.34,2119,5.417,299.271,759.836,
5/9/2024,5.35,2205,5.432,291.091,769.122,
4/9/2024,5.35,2169,5.431,337.312,771.047,
3/9/2024,5.34,2403,5.465,349.808,774.135,
30/8/2024,5.32,2011,5.391,433.130,709.513,
29/8/2024,5.33,2088,5.382,383.434,754.480,
28/8/2024,5.35,2030,5.400,388.890,757.077,
27/8/2024,5.35,2227,5.419,344.045,786.228,
26/8/2024,5.34,2039,5.397,353.557,740.219,
23/8/2024,5.33,2152,5.390,312.896,734.234,
22/8/2024,5.31,2037,5.364,316.777,734.733,
21/8/2024,5.31,1975,5.347,321.329,734.727,
20/8/2024,5.32,2101,5.363,310.819,758.980,
19/8/2024,5.32,2118,5.367,333.583,743.033,
16/8/2024,5.32,2131,5.370,330.317,730.937,
15/8/2024,5.35,2118,5.407,307.141,725.909,
14/8/2024,5.33,2108,5.365,328.472,788.823,
13/8/2024,5.34,2082,5.403,324.494,812.614,
12/8/2024,5.34,2138,5.398,328.641,800.035,
9/8/2024,5.34,2170,5.396,312.198,788.359,
8/8/2024,5.34,2196,5.415,303.159,792.296,
7/8/2024,5.33,2042,5.389,286.660,785.233,
6/8/2024,5.33,2086,5.398,291.958,779.820,
5/8/2024,5.32,2199,5.378,316.246,769.196,
2/8/2024,5.35,2077,5.397,338.473,759.058,
1/8/2024,5.35,2211,5.448,348.885,785.094,
31/7/2024,5.38,2185,5.471,413.200,854.001,
30/7/2024,5.33,1978,5.391,367.054,802.422,
29/7/2024,5.33,1982,5.385,385.281,781.500,
26/7/2024,5.35,2027,5.406,381.257,766.528,
25/7/2024,5.35,2129,5.423,377.433,767.894,
24/7/2024,5.34,2083,5.382,399.121,767.419,
23/7/2024,5.34,2011,5.386,389.837,793.467,
22/7/2024,5.33,2120,5.383,395.901,769.783,
19/7/2024,5.34,1992,5.390,379.801,771.252,
18/7/2024,5.34,2014,5.409,391.652,775.779,
17/7/2024,5.35,2025,5.428,399.401,766.779,
16/7/2024,5.35,2061,5.426,409.594,795.024,
15/7/2024,5.34,2175,5.417,413.280,764.528,
12/7/2024,5.34,1900,5.392,406.590,734.465,
11/7/2024,5.34,1920,5.410,403.708,731.416,
10/7/2024,5.34,1949,5.399,422.147,722.328,
9/7/2024,5.34,1913,5.410,423.152,747.238,
8/7/2024,5.32,2090,5.386,415.257,743.168,
5/7/2024,5.32,2126,5.371,390.632,732.159,
3/7/2024,5.33,2007,5.373,425.898,745.608,
2/7/2024,5.35,2110,5.418,443.369,768.554,
1/7/2024,5.40,1967,5.425,451.783,763.439,
28/6/2024,5.33,2024,5.390,664.570,777.798,
27/6/2024,5.34,1888,5.360,531.692,718.618,
26/6/2024,5.34,1897,5.389,490.156,744.206,
25/6/2024,5.33,1968,5.420,466.310,767.249,
24/6/2024,5.31,1992,5.364,435.916,784.434,
21/6/2024,5.31,1991,5.352,421.040,763.426,
20/6/2024,5.32,2052,5.345,388.841,771.749,
18/6/2024,5.33,2021,5.385,375.542,782.158,
17/6/2024,5.33,1975,5.408,333.429,822.612,
14/6/2024,5.31,1855,5.376,386.885,676.305,
13/6/2024,5.31,2035,5.371,429.864,648.027,
12/6/2024,5.31,1957,5.356,447.574,650.212,
11/6/2024,5.32,1946,5.367,410.449,667.218,
10/6/2024,5.32,1847,5.359,416.481,690.309,
7/6/2024,5.33,1934,5.385,395.462,675.508,
6/6/2024,5.33,2008,5.396,378.125,680.746,
5/6/2024,5.33,1989,5.390,371.841,703.314,
4/6/2024,5.33,2092,5.403,377.825,700.652,
3/6/2024,5.35,1912,5.410,387.069,712.359,
31/5/2024,5.34,2061,5.423,439.806,718.926,
30/5/2024,5.33,1824,5.374,452.034,699.060,
29/5/2024,5.33,1807,5.395,459.314,716.020,
28/5/2024,5.32,2013,5.400,417.836,718.888,
24/5/2024,5.32,1909,5.369,431.239,697.953,
23/5/2024,5.31,1916,5.356,467.398,703.626,
22/5/2024,5.31,1900,5.351,496.382,710.882,
21/5/2024,5.31,1929,5.355,491.720,738.412,
20/5/2024,5.31,1866,5.349,489.728,737.727,
17/5/2024,5.31,1964,5.356,449.373,724.577,
16/5/2024,5.31,2001,5.372,410.121,716.876,
15/5/2024,5.31,1936,5.362,443.779,706.108,
14/5/2024,5.31,1838,5.348,468.344,805.661,
13/5/2024,5.31,1805,5.318,492.068,808.430,
10/5/2024,5.31,1816,5.346,486.434,795.161,
9/5/2024,5.31,1871,5.350,458.550,804.246,
8/5/2024,5.31,1845,5.351,493.311,816.809,
7/5/2024,5.31,1864,5.361,475.325,845.541,
6/5/2024,5.31,1855,5.349,468.970,866.863,
3/5/2024,5.31,1863,5.349,450.165,853.110,
2/5/2024,5.31,1838,5.369,428.680,872.592,
1/5/2024,5.32,1955,5.371,438.148,890.442,
30/4/2024,5.34,1831,5.413,534.234,962.428,
29/4/2024,5.32,1781,5.361,505.530,929.594,
26/4/2024,5.32,1795,5.358,464.912,909.938,
25/4/2024,5.31,1774,5.369,443.928,907.965,
24/4/2024,5.31,1778,5.329,441.215,929.379,
23/4/2024,5.31,1757,5.331,435.880,955.714,
22/4/2024,5.31,1746,5.324,409.816,955.986,
19/4/2024,5.31,1780,5.329,397.234,939.464,
18/4/2024,5.30,1764,5.339,433.006,930.542,
17/4/2024,5.31,1731,5.317,440.508,929.932,
16/4/2024,5.31,1809,5.359,371.554,906.002,
15/4/2024,5.32,1938,5.391,327.066,897.016,
12/4/2024,5.31,1805,5.344,407.322,725.026,
11/4/2024,5.31,1857,5.341,455.361,667.717,
10/4/2024,5.31,1909,5.351,445.816,672.537,
9/4/2024,5.31,1826,5.348,441.792,691.824,
8/4/2024,5.31,1807,5.354,448.597,729.067,
5/4/2025,5.32,1898,5.365,438.319,710.389,
4/4/2025,5.32,1974,5.373,438.764,710.202,
3/4/2024,5.32,1985,5.366,436.631,732.828,
2/4/2024,5.34,1927,5.416,448.424,760.049,
1/4/2024,5.35,2023,5.461,441.903,791.219,
28/3/2024,5.34,1911,5.367,594.428,770.655,
27/3/2024,5.33,1807,5.384,518.357,772.260,
26/3/2024,5.32,1849,5.385,496.062,803.649,
25/3/2024,5.31,1820,5.348,473.787,821.686,
22/3/2024,5.31,1796,5.346,478.531,805.042,
21/3/2024,5.31,1849,5.346,460.631,802.910,
20/3/2024,5.31,1736,5.334,496.245,812.605,
19/3/2024,5.31,1813,5.142,446.978,844.682,
18/3/2024,5.31,1788,5.334,440.596,846.001,
15/3/2024,5.31,1803,5.360,413.877,804.194,
14/3/2024,5.31,1782,5.340,483.573,749.212,
13/3/2024,5.31,1784,5.340,521.728,748.388,
12/3/2024,5.31,1699,5.361,476.862,783.745,
11/3/2024,5.31,1804,5.347,478.728,786.418,
8/3/2024,5.31,1782,5.358,444.803,764.686,
7/3/2024,5.31,1793,5.360,436.754,765.974,
6/3/2024,5.31,1707,5.337,456.847,760.550,
5/3/2024,5.31,1807,5.342,444.474,766.649,
4/3/2024,5.31,1858,5.341,439.793,765.413,
1/3/2024,5.31,1783,5.358,441.265,748.140,
29/2/2024,5.32,1951,5.371,502.074,837.099,
28/2/2024,5.31,1620,5.328,569.855,767.672,
27/2/2024,5.31,1741,5.340,519.725,808.655,
26/2/2024,5.31,1739,5.356,524.959,802.419,
23/2/2024,5.31,1736,5.349,520.107,787.483,
22/2/2024,5.30,1620,5.331,553.245,759.556,
21/2/2024,5.30,1607,5.323,574.882,788.759,
20/2/2024,5.30,1610,5.321,530.879,821.629,
16/2/2024,5.30,1666,5.318,532.125,779.746,
15/2/2024,5.31,1746,5.329,493.065,768.884,
14/2/2024,5.30,1596,5.296,575.332,831.880,
13/2/2024,5.31,1714,5.310,553.684,860.356,
12/2/2024,5.31,1725,5.332,581.568,845.004,
9/2/2024,5.31,1581,5.347,569.175,831.940,
8/2/2024,5.31,1669,5.333,535.705,832.976,
7/2/2024,5.31,1797,5.348,553.055,821.575,
6/2/2024,5.31,1738,5.353,532.439,820.881,
5/2/2024,5.31,1731,5.320,552.289,800.298,
2/2/2024,5.32,1849,5.347,513.422,786.179,
2/1/2024,5.32,1897,5.378,503.548,813.657,
1/31/2024,5.32,1874,5.375,615.379,865.481,
1/30/2024,5.31,1642,5.349,577.755,863.278,
1/29/2024,5.31,1598,5.313,581.410,843.812,
1/26/2024,5.32,1712,5.352,570.828,829.406,
1/25/2024,5.32,1768,5.380,557.687,830.060,
1/24/2024,5.31,1596,5.360,639.560,815.159,
1/23/2024,5.31,1686,5.332,621.195,818.059,
1/22/2024,5.31,1595,5.314,647.103,802.545,
1/19/2024,5.31,1688,5.327,625.182,790.018,
1/18/2024,5.31,1746,5.338,618.234,789.692,
1/17/2024,5.32,1764,5.348,590.191,773.544,
1/16/2024,5.32,1854,5.379,583.103,795.304,
1/12/2024,5.31,1590,5.356,603.116,735.757,
1/11/2024,5.31,1648,5.360,626.370,730.305,
1/10/2024,5.31,1660,5.362,679.961,727.856,
1/9/2024,5.31,1693,5.380,676.050,749.407,
1/8/2024,5.31,1658,5.368,691.485,758.566,
1/5/2024,5.31,1674,5.362,694.478,747.982,
1/4/2024,5.32,1930,5.387,664.899,753.179,
1/3/2024,5.39,1832,5.451,719.897,743.464,
1/2/2024,5.40,1948,5.504,704.864,766.340,
1/1/2024,5.38,1702,5.434,1018.483,768.590,
12/29/2023,5.38,1702,5.434,1018.483,768.590,
12/28/2023,5.40,1832,5.495,829.573,724.973,
12/27/2023,5.39,1722,5.486,818.869,713.064,
12/26/2023,5.35,1644,5.452,793.937,743.365,
12/25/2023,5.32,1667,5.395,772.258,732.312,
12/22/2023,5.32,1667,5.395,772.258,732.312,
12/21/2023,5.31,1720,5.362,778.402,734.159,
12/20/2023,5.31,1678,5.350,779.143,732.721,
12/19/2023,5.31,1757,5.363,773.082,751.089,
12/18/2023,5.32,1665,5.378,724.704,773.190,
12/15/2023,5.32,1776,5.385,683.254,740.109,
12/14/2023,5.31,1695,5.351,769.346,648.048,
12/13/2023,5.31,1635,5.349,823.329,630.618,
12/12/2023,5.31,1713,5.369,837.803,647.560,
12/11/2023,5.32,1577,5.375,838.507,672.734,
12/8/2023,5.32,1610,5.372,821.408,663.322,
12/7/2023,5.32,1702,5.387,825.734,668.198,
12/6/2023,5.32,1707,5.384,846.498,667.678,
12/5/2023,5.33,1792,5.387,834.428,664.742,
12/4/2023,5.37,1631,5.417,815.847,681.693,
12/1/2023,5.39,1650,5.435,768.543,668.199,
11/30/2023,5.33,1850,5.427,887.822,758.851,
11/29/2023,5.31,1578,5.393,914.187,753.570,
11/28/2023,5.32,1593,5.393,873.344,750.724,
11/27/2023,5.32,1602,5.396,867.220,753.486,
11/24/2023,5.32,1521,5.392,865.907,741.224,
11/23/2023,5.31,1547,5.354,931.604,693.007,
11/22/2023,5.31,1547,5.354,931.604,693.007,
11/21/2023,5.31,1603,5.362,931.155,728.200,
11/20/2023,5.31,1621,5.361,953.088,713.770,
11/17/2023,5.32,1587,5.381,935.803,702.626,
11/16/2023,5.32,1640,5.395,912.010,699.261,
11/15/2023,5.32,1605,5.397,944.241,669.976,
11/14/2023,5.32,1533,5.383,988.298,771.735,
11/13/2023,5.32,1494,5.397,1020.272,756.859,
11/10/2023,5.32,1469,5.387,1032.720,742.834,
11/9/2023,5.32,1526,5.395,993.314,742.861,
11/8/2023,5.32,1470,5.386,1024.451,763.459,
11/7/2023,5.32,1546,5.390,1008.685,792.916,
11/6/2023,5.32,1559,5.389,1062.878,774.170,
11/3/2023,5.32,1579,5.386,1071.139,763.377,
11/2/2023,5.33,1640,5.397,1054.986,788.127,
11/1/2023,5.32,1621,5.395,1079.462,753.008,
10/31/2023,5.35,1582,5.395,1137.697,832.412,
10/30/2023,5.31,1470,5.351,1138.035,837.969,
10/27/2023,5.31,1496,5.351,1091.858,828.313,
10/26/2023,5.31,1506,5.358,1089.850,835.081,
10/25/2023,5.30,1439,5.347,1100.617,847.717,
10/24/2023,5.30,1387,5.328,1097.875,870.378,
10/23/2023,5.30,1330,5.306,1157.976,834.758,
10/20/2023,5.30,1396,5.327,1138.756,819.841,
10/19/2023,5.30,1398,5.331,1114.179,828.553,
10/18/2023,5.30,1396,5.319,1150.781,841.103,
10/17/2023,5.31,1427,5.307,1082.399,857.495,
10/16/2023,5.31,1450,5.380,1108.819,815.980,
10/13/2023,5.31,1383,5.374,1151.818,702.519,
10/12/2023,5.31,1467,5.379,1157.319,697.013,
10/11/2023,5.31,1465,5.371,1239.382,713.000,
10/10/2023,5.31,1522,5.394,1222.440,743.996,
10/9/2023,5.31,1404,5.382,1283.461,701.735,
10/6/2023,5.31,1404,5.382,1283.461,701.735,
10/5/2023,5.32,1520,5.377,1265.132,700.182,
10/4/2023,5.32,1436,5.389,1342.031,678.959,
10/3/2023,5.33,1498,5.399,1348.465,675.324,
10/2/2023,5.32,1513,5.394,1365.739,677.935,
9/29/2023,5.31,1537,5.351,1557.569,656.889,
9/28/2023,5.31,1535,5.367,1453.366,673.174,
9/27/2023,5.32,1388,5.364,1442.805,672.142,
9/26/2023,5.31,1561,5.379,1438.301,700.881,
9/25/2023,5.31,1524,5.363,1437.310,689.999,
9/22/2023,5.30,1511,5.360,1427.575,674.158,
9/21/2023,5.30,1522,5.351,1454.115,682.503,
9/20/2023,5.30,1492,5.352,1486.984,661.717,
9/19/2023,5.31,1562,5.359,1453.324,674.935,
9/18/2023,5.31,1565,5.365,1452.942,664.013,
9/15/2023,5.31,1586,5.369,1401.403,632.855,
9/14/2023,5.30,1436,5.354,1492.427,582.843,
9/13/2023,5.30,1385,5.354,1546.225,537.364,
9/12/2023,5.30,1448,5.358,1493.781,550.831,
9/11/2023,5.30,1378,5.359,1549.111,525.312,
9/8/2023,5.30,1420,5.353,1525.403,509.313,
9/7/2023,5.31,1479,5.360,1535.289,509.104,
9/6/2023,5.30,1391,5.336,1606.244,481.552,
9/5/2023,5.31,1472,5.359,1568.490,488.303,
9/4/2023,5.31,1458,5.363,1574.065,446.118,
9/1/2023,5.31,1458,5.363,1574.065,446.118,
8/31/2023,5.31,1549,5.367,1651.602,541.843,
8/30/2023,5.30,1311,5.338,1696.819,500.702,
8/29/2023,5.30,1314,5.350,1693.278,500.010,
8/28/2023,5.30,1384,5.353,1708.605,472.203,
8/25/2023,5.30,1344,5.344,1687.379,461.257,
8/24/2023,5.30,1344,5.332,1731.623,438.914,
8/23/2023,5.30,1270,5.330,1816.533,416.031,
8/22/2023,5.30,1307,5.360,1812.294,441.138,
8/21/2023,5.30,1322,5.298,1824.788,415.598,
8/18/2023,5.30,1314,5.302,1819.201,404.968,
8/17/2023,5.30,1343,5.339,1794.120,408.836,
8/16/2023,5.30,1391,5.342,1796.725,384.814,
8/15/2023,5.30,1413,5.358,1743.784,398.438,
8/14/2023,5.30,1333,5.339,1799.311,463.127,
8/11/2023,5.30,1347,5.335,1773.236,451.362,
8/10/2023,5.30,1360,5.337,1759.897,450.098,
8/9/2023,5.30,1322,5.323,1796.519,432.262,
8/8/2023,5.30,1340,5.324,1778.351,458.998,
8/7/2023,5.30,1349,5.301,1810.583,451.335,
8/4/2023,5.30,1369,5.271,1793.804,441.481,
8/3/2023,5.30,1413,5.314,1776.774,445.120,
8/2/2023,5.30,1416,5.297,1770.186,460.926,
8/1/2023,5.31,1495,5.353,1739.554,458.113,
7/31/2023,5.31,1551,5.358,1821.124,501.828,
7/28/2023,5.30,1419,5.288,1730.227,549.904,
7/27/2023,5.31,1501,5.365,1735.783,551.631,
7/26/2023,5.06,1452,5.115,1749.733,549.897,
7/25/2023,5.06,1470,5.116,1720.716,573.898,
7/24/2023,5.05,1365,5.096,1770.867,545.014,
7/21/2023,5.05,1400,5.098,1770.752,532.834,
7/20/2023,5.06,1460,5.089,1721.001,537.869,
7/19/2023,5.05,1456,5.112,1732.804,537.441,
7/18/2023,5.06,1482,5.130,1716.862,561.519,
7/17/2023,5.06,1524,5.103,1728.322,531.417,
7/14/2023,5.05,1448,5.117,1740.777,521.622,
7/13/2023,5.06,1445,5.104,1767.432,522.700,
7/12/2023,5.05,1361,5.103,1820.146,517.418,
7/11/2023,5.06,1439,5.102,1775.796,542.784,
7/10/2023,5.06,1506,5.125,1811.981,511.777,
7/7/2023,5.06,1547,5.136,1822.303,504.990,
7/6/2023,5.06,1573,5.137,1854.256,513.410,
7/5/2023,5.06,1589,5.137,1867.061,446.864,
7/4/2023,5.06,1579,5.126,1909.639,394.457,
7/3/2023,5.06,1579,5.126,1909.639,394.457,
6/30/2023,5.09,1549,5.108,2034.319,402.394,
6/29/2023,5.06,1542,5.146,1934.684,465.122,
6/28/2023,5.06,1499,5.141,1945.211,408.561,
6/27/2023,5.05,1481,5.138,1951.098,437.999,
6/26/2023,5.05,1429,5.117,1961.027,388.777,
6/23/2023,5.05,1389,5.106,1969.380,377.384,
6/22/2023,5.05,1354,5.104,1994.711,366.505,
6/21/2023,5.05,1387,5.079,2037.102,292.106,
6/20/2023,5.05,1427,5.094,1989.489,327.925,
6/19/2023,5.05,1405,5.086,2011.556,266.875,
6/16/2023,5.05,1405,5.086,2011.556,266.875,
6/15/2023,5.06,1527,5.129,1992.140,250.417,
6/14/2023,5.05,1397,5.082,2109.105,134.857,
6/13/2023,5.05,1375,5.093,2074.520,133.059,
6/12/2023,5.05,1399,5.082,2126.870,100.939,
6/9/2023,5.05,1392,5.100,2127.652,86.001,
6/8/2023,5.05,1402,5.094,2141.798,87.972,
6/7/2023,5.05,1429,5.087,2161.556,77.500,
6/6/2023,5.05,1414,5.114,2134.638,71.577,
6/5/2023,5.06,1472,5.120,2131.417,71.218,
6/2/2023,5.07,1475,5.141,2142.102,23.368,
6/1/2023,5.08,1627,5.195,2160.055,22.892,
5/31/2023,5.08,1623,5.178,2254.859,48.512,
5/30/2023,5.06,1530,5.107,2200.479,37.357,
5/29/2023,5.06,1476,5.103,2189.681,54.493,
5/26/2023,5.06,1476,5.103,2189.681,54.493,
5/25/2023,5.06,1537,5.151,2197.638,38.837,
5/24/2023,5.05,1401,5.098,2250.709,49.473,
5/23/2023,5.05,1383,5.104,2256.689,76.546,
5/22/2023,5.05,1434,5.078,2275.311,68.335,
5/19/2023,5.05,1363,5.075,2276.720,60.656,
5/18/2023,5.05,1401,5.093,2238.266,57.341,
5/17/2023,5.05,1401,5.095,2213.676,68.332,
5/16/2023,5.05,1466,5.114,2203.214,94.629,
5/15/2023,5.06,1497,5.104,2220.927,87.431,
5/12/2023,5.05,1352,5.087,2229.199,139.944,
5/11/2023,5.05,1372,5.096,2242.243,143.314,
5/10/2023,5.06,1410,5.079,2233.149,154.808,
5/9/2023,5.06,1482,5.101,2222.864,184.915,
5/8/2023,5.06,1497,5.106,2217.601,215.133,
5/5/2023,5.06,1517,5.128,2207.415,206.714,
5/4/2023,5.06,1590,5.118,2242.399,208.666,
5/3/2023,4.81,1544,4.873,2258.222,188.309,
5/2/2023,4.81,1537,4.877,2267.130,214.882,
5/1/2023,4.81,1577,4.869,2239.866,238.463,
4/28/2023,4.81,1378,4.836,2325.479,316.381,
4/27/2023,4.81,1337,4.823,2273.926,293.717,
4/26/2023,4.80,1345,4.831,2279.561,296.209,
4/25/2023,4.80,1329,4.850,2275.402,315.930,
4/24/2023,4.80,1298,4.824,2308.538,307.101,
4/21/2023,4.80,1324,4.819,2290.023,280.912,
4/20/2023,4.80,1281,4.825,2277.259,279.942,
4/19/2023,4.80,1307,4.806,2294.677,265.095,
4/18/2023,4.80,1364,4.838,2238.994,252.552,
4/17/2023,4.80,1406,4.849,2256.845,144.079,
4/14/2023,4.80,1312,4.850,2253.786,134.890,
4/13/2023,4.80,1378,4.855,2321.699,99.488,
4/12/2023,4.80,1358,4.822,2303.862,86.554,
4/11/2023,4.80,1365,4.846,2297.208,107.469,
4/10/2023,4.81,1366,4.827,2239.655,125.004,
4/7/2023,4.81,1431,4.856,2173.663,110.822,
4/6/2023,4.81,1431,4.856,2173.663,112.965,
4/5/2023,4.81,1427,4.868,2243.011,140.688,
4/4/2023,4.83,1427,4.887,2219.375,140.347,
4/3/2023,4.84,1477,4.908,2221.010,173.105,
3/31/2023,4.87,1408,4.916,2375.171,177.692,
3/30/2023,4.82,1319,4.884,2271.531,194.336,
3/29/2023,4.83,1287,4.846,2264.862,162.758,
3/28/2023,4.84,1345,4.872,2231.749,166.348,
3/27/2023,4.81,1365,4.890,2220.131,200.926,
3/24/2023,4.80,1290,4.859,2218.458,187.365,
3/23/2023,4.80,1355,4.846,2233.956,192.910,
3/22/2023,4.55,1203,4.588,2279.608,199.856,
3/21/2023,4.55,1247,4.588,2194.631,224.604,
3/20/2023,4.55,1288,4.585,2098.393,267.101,
3/17/2023,4.55,1265,4.587,2106.166,280.148,
3/16/2023,4.57,1272,4.613,2066.319,285.108,
3/15/2023,4.58,1252,4.595,2055.823,277.643,
3/14/2023,4.55,1203,4.609,2042.579,253.921,
3/13/2023,4.55,1148,4.569,2126.677,227.312,
3/10/2023,4.55,1088,4.574,2188.375,208.074,
3/9/2023,4.55,1120,4.586,2229.623,246.969,
3/8/2023,4.55,1096,4.566,2193.237,311.731,
3/7/2023,4.55,1151,4.568,2170.195,344.724,
3/6/2023,4.55,1129,4.561,2190.793,340.182,
3/3/2023,4.55,1120,4.568,2186.150,327.193,
3/2/2023,4.55,1150,4.577,2192.355,355.232,
3/1/2023,4.55,1172,4.563,2133.950,351.015,
2/28/2023,4.55,1230,4.577,2188.035,415.005,
2/27/2023,4.55,1145,4.546,2162.435,394.017,
2/24/2023,4.55,1122,4.560,2142.141,381.671,
2/23/2023,4.55,1137,4.561,2147.417,363.666,
2/22/2023,4.55,1129,4.552,2113.849,451.307,
2/21/2023,4.55,1164,4.558,2046.064,508.286,
2/20/2023,4.55,1209,4.560,2059.662,475.675,
2/17/2023,4.55,1209,4.560,2059.662,475.675,
2/16/2023,4.55,1244,4.591,2032.457,479.039,
2/15/2023,4.55,1239,4.590,2011.998,439.703,
2/14/2023,4.55,1216,4.582,2076.548,526.992,
2/13/2023,4.55,1153,4.580,2107.775,501.103,
2/10/2023,4.55,1186,4.580,2042.893,490.201,
2/9/2023,4.55,1212,4.597,2058.942,494.252,
2/8/2023,4.55,1184,4.588,2059.604,495.838,
2/7/2023,4.55,1208,4.589,2057.958,528.118,
2/6/2023,4.55,1209,4.572,2072.261,489.948,
2/3/2023,4.55,1216,4.593,2041.217,477.618,
2/2/2023,4.56,1290,4.593,2050.063,506.179,
2/1/2023,4.31,1199,4.336,2038.262,500.852,
1/31/2023,4.31,1281,4.347,2061.572,567.908,
1/30/2023,4.30,1158,4.320,2048.714,579.826,
1/27/2023,4.30,1165,4.321,2003.634,567.827,
1/26/2023,4.30,1165,4.322,2024.069,568.553,
1/25/2023,4.31,1157,4.323,2031.561,572.622,
1/24/2023,4.30,1163,4.320,2048.386,579.841,
1/23/2023,4.30,1150,4.300,2135.499,471.005,
1/20/2023,4.30,1169,4.304,2090.523,454.615,
1/19/2023,4.31,1231,4.321,2110.145,455.623,
1/18/2023,4.30,1193,4.310,2131.678,377.500,
1/17/2023,4.31,1248,4.324,2093.328,398.974,
1/16/2023,4.30,1101,4.306,2179.781,321.572,
1/13/2023,4.30,1101,4.306,2179.781,321.572,
1/12/2023,4.30,1108,4.318,2202.989,310.363,
1/11/2023,4.30,1142,4.318,2199.170,346.426,
1/10/2023,4.31,1124,4.317,2192.942,368.000,
1/9/2023,4.31,1127,4.316,2199.121,385.220,
1/6/2023,4.31,1118,4.316,2208.265,375.694,
1/5/2023,4.31,1134,4.318,2242.486,379.653,
1/4/2023,4.30,1136,4.313,2229.542,379.620,
1/3/2023,4.31,1257,4.317,2188.272,386.114,
1/2/2023,4.30,1004,4.279,2553.716,446.685,
12/30/2022,4.30,1004,4.279,2553.716,446.685,
12/29/2022,4.30,1037,4.308,2308.319,412.900,
12/28/2022,4.30,1005,4.305,2293.003,409.809,
12/27/2022,4.30,1048,4.310,2221.259,430.977,
12/26/2022,4.30,991,4.307,2216.348,431.253,
12/23/2022,4.30,991,4.307,2216.348,431.253,
12/22/2022,4.30,1013,4.309,2222.898,429.684,
12/21/2022,4.30,1031,4.300,2206.965,434.922,
12/20/2022,4.30,1048,4.309,2159.408,450.413,
12/19/2022,4.30,1087,4.324,2134.765,482.388,
12/16/2022,4.32,1091,4.365,2126.540,467.544,
12/15/2022,4.32,1144,4.345,2123.995,448.106,
12/14/2022,3.80,1045,3.814,2192.864,342.104,
12/13/2022,3.80,1051,3.815,2180.676,343.699,
12/12/2022,3.80,1042,3.819,2158.517,370.897,
12/9/2022,3.80,1058,3.824,2146.748,357.709,
12/8/2022,3.80,1087,3.812,2175.973,358.794,
12/7/2022,3.80,1088,3.804,2151.549,410.853,
12/6/2022,3.80,1088,3.806,2111.465,411.431,
12/5/2022,3.81,1096,3.830,2093.647,440.836,
12/2/2022,3.81,1132,3.839,2049.763,434.939,
12/1/2022,3.82,1174,3.842,2050.286,458.408,
11/30/2022,3.82,1113,3.818,2115.913,532.791,
11/29/2022,3.81,1026,3.836,2064.377,506.052,
11/28/2022,3.80,1058,3.829,2054.914,517.125,
11/25/2022,3.80,1003,3.829,2031.066,510.532,
11/24/2022,3.79,984,3.792,2069.174,492.754,
11/23/2022,3.79,984,3.792,2069.174,492.754,
11/22/2022,3.80,1038,3.818,2103.932,512.602,
11/21/2022,3.80,1015,3.801,2125.426,476.764,
11/18/2022,3.80,1037,3.815,2113.413,469.610,
11/17/2022,3.80,1075,3.823,2114.345,465.368,
11/16/2022,3.81,1096,3.829,2099.070,472.185,
11/15/2022,3.80,1149,3.821,2086.574,482.354,
11/14/2022,3.79,1041,3.814,2165.018,524.136,
11/11/2022,3.78,987,3.797,2200.586,510.550,
11/10/2022,3.78,987,3.797,2200.586,510.550,
11/9/2022,3.78,969,3.786,2237.812,517.340,
11/8/2022,3.78,978,3.795,2232.555,545.285,
11/7/2022,3.78,981,3.793,2241.317,530.764,
11/4/2022,3.80,1014,3.800,2230.840,524.694,
11/3/2022,3.80,1074,3.773,2219.791,524.883,
11/2/2022,3.05,1021,3.047,2229.861,552.089,
11/1/2022,3.05,1079,3.064,2200.510,551.009,
10/31/2022,3.05,1075,3.034,2275.459,596.470,
10/28/2022,3.05,951,3.056,2183.290,621.627,
10/27/2022,3.04,973,3.056,2152.485,625.362,
10/26/2022,3.03,972,3.047,2186.856,636.327,
10/25/2022,3.02,961,3.041,2195.616,659.483,
10/24/2022,3.01,962,3.036,2242.044,636.785,
10/21/2022,3.02,955,3.024,2265.809,624.584,
10/20/2022,3.03,963,3.038,2234.071,635.492,
10/19/2022,3.04,919,3.046,2241.835,640.613,
10/18/2022,3.04,967,3.047,2226.725,655.230,
10/17/2022,3.05,979,3.060,2172.301,651.318,
10/14/2022,3.04,958,3.052,2222.052,574.982,
10/13/2022,3.04,1000,3.056,2244.100,578.283,
10/12/2022,3.04,972,3.053,2247.206,583.513,
10/11/2022,3.05,993,3.065,2222.479,614.781,
10/10/2022,3.05,968,3.063,2226.950,611.855,
10/7/2022,3.05,968,3.063,2226.950,611.855,
10/6/2022,3.05,985,3.064,2232.801,612.400,
10/5/2022,3.04,992,3.064,2230.799,622.131,
10/4/2022,3.04,996,3.064,2233.616,617.850,
10/3/2022,3.00,1009,3.053,2252.523,630.975,
9/30/2022,2.98,956,3.040,2425.910,635.994,
9/29/2022,2.96,906,2.979,2371.763,658.634,
9/28/2022,2.98,911,2.953,2366.798,661.920,
9/27/2022,2.98,949,2.952,2327.111,683.943,
9/26/2022,2.99,976,2.990,2299.011,705.918,
9/23/2022,2.99,968,2.969,2319.361,697.726,
9/22/2022,2.99,1023,3.009,2359.227,682.027,
9/21/2022,2.25,951,2.221,2315.900,690.286,
9/20/2022,2.26,967,2.261,2238.870,695.823,
9/19/2022,2.27,948,2.272,2217.542,704.998,
9/16/2022,2.27,952,2.283,2186.833,692.971,
9/15/2022,2.28,981,2.298,2176.188,677.452,
9/14/2022,2.27,951,2.280,2225.579,617.997,
9/13/2022,2.28,957,2.285,2202.719,599.932,
9/12/2022,2.28,980,2.294,2218.546,601.944,
9/9/2022,2.28,958,2.295,2209.714,585.000,
9/8/2022,2.28,981,2.284,2210.466,581.785,
9/7/2022,2.28,958,2.279,2206.987,582.921,
9/6/2022,2.29,989,2.306,2188.796,589.596,
9/5/2022,2.29,965,2.298,2173.413,574.423,
9/2/2022,2.29,965,2.298,2173.413,574.423,
9/1/2022,2.29,979,2.303,2173.156,598.859,
8/31/2022,2.29,1024,2.287,2251.025,669.911,
8/30/2022,2.29,948,2.303,2188.975,627.082,
8/29/2022,2.28,963,2.298,2205.188,610.399,
8/26/2022,2.28,953,2.310,2182.452,600.109,
8/25/2022,2.28,970,2.301,2187.907,580.033,
8/24/2022,2.27,969,2.276,2237.072,530.196,
8/23/2022,2.27,952,2.285,2250.718,555.139,
8/22/2022,2.28,994,2.267,2235.665,543.194,
8/19/2022,2.28,960,2.277,2221.680,529.281,
8/18/2022,2.28,973,2.298,2218.161,530.499,
8/17/2022,2.29,966,2.300,2199.631,539.278,
8/16/2022,2.29,974,2.304,2165.332,559.827,
8/15/2022,2.29,1014,2.307,2175.857,525.921,
8/12/2022,2.28,966,2.295,2213.193,548.414,
8/11/2022,2.28,965,2.302,2199.247,546.978,
8/10/2022,2.28,970,2.272,2177.646,561.140,
8/9/2022,2.29,947,2.307,2186.568,583.255,
8/8/2022,2.28,950,2.299,2195.692,555.513,
8/5/2022,2.28,965,2.299,2194.927,548.849,
8/4/2022,2.29,981,2.303,2191.546,554.402,
8/3/2022,2.29,984,2.302,2182.238,566.577,
8/2/2022,2.30,1015,2.315,2156.013,586.370,
8/1/2022,2.28,1035,2.308,2161.885,551.023,
7/29/2022,2.27,949,2.282,2300.200,619.273,
7/28/2022,2.28,965,2.271,2239.883,597.017,
7/27/2022,1.53,941,1.531,2188.994,615.515,
7/26/2022,1.53,951,1.553,2189.474,637.228,
7/25/2022,1.53,985,1.535,2192.367,605.872,
7/22/2022,1.52,931,1.530,2228.959,589.322,
7/21/2022,1.53,960,1.530,2271.756,594.035,
7/20/2022,1.53,916,1.534,2240.204,616.348,
7/19/2022,1.54,933,1.549,2211.821,636.362,
7/18/2022,1.54,947,1.544,2190.375,628.659,
7/15/2022,1.54,950,1.561,2153.750,606.834,
7/14/2022,1.53,934,1.547,2207.121,595.272,
7/13/2022,1.53,924,1.541,2155.290,618.740,
7/12/2022,1.54,941,1.547,2146.132,643.141,
7/11/2022,1.53,930,1.550,2164.266,665.792,
7/8/2022,1.53,942,1.176,2144.921,658.096,
7/7/2022,1.54,966,1.552,2172.457,666.044,
7/6/2022,1.54,966,1.548,2168.026,687.943,
7/5/2022,1.54,1042,1.556,2138.280,689.482,
7/4/2022,1.52,1001,1.533,2167.085,685.842,
7/1/2022,1.52,1001,1.533,2167.085,685.842,
6/30/2022,1.50,995,1.473,2329.743,782.406,
6/29/2022,1.51,940,1.477,2226.976,759.845,
6/28/2022,1.52,929,1.508,2213.784,757.242,
6/27/2022,1.50,945,1.550,2155.942,768.652,
6/24/2022,1.46,926,1.517,2180.984,758.505,
6/23/2022,1.44,944,1.497,2285.442,735.139,
6/22/2022,1.45,942,1.486,2259.458,745.052,
6/21/2022,1.45,957,1.471,2188.627,757.733,
6/20/2022,1.45,923,1.474,2229.279,762.327,
6/17/2022,1.45,923,1.474,2229.279,762.327,
6/16/2022,1.45,976,1.445,2178.382,755.888,
6/15/2022,0.70,917,0.704,2162.924,769.937,
6/14/2022,0.69,925,0.700,2223.857,661.227,
6/13/2022,0.73,970,0.716,2212.620,653.718,
6/10/2022,0.75,960,0.748,2162.885,627.393,
6/9/2022,0.75,985,0.758,2142.318,631.026,
6/8/2022,0.76,959,0.761,2140.277,683.892,
6/7/2022,0.77,947,0.766,2091.395,702.336,
6/6/2022,0.78,959,0.783,2040.093,724.554,
6/3/2022,0.78,954,0.777,2031.228,731.781,
6/2/2022,0.79,974,0.795,1985.239,757.559,
6/1/2022,0.80,994,0.803,1965.015,780.575,
5/31/2022,0.79,1040,0.804,1978.538,854.240,
5/30/2022,0.78,963,0.785,2006.688,782.309,
5/27/2022,0.78,963,0.785,2006.688,782.309,
5/26/2022,0.78,955,0.789,2007.702,762.674,
5/25/2022,0.78,942,0.782,1995.750,801.714,
5/24/2022,0.78,968,0.782,1987.865,818.688,
5/23/2022,0.78,984,0.782,2044.658,838.141,
5/20/2022,0.78,943,0.779,1987.987,822.339,
5/19/2022,0.79,982,0.784,1981.005,825.182,
5/18/2022,0.79,939,0.789,1973.373,866.726,
5/17/2022,0.80,977,0.800,1877.483,891.271,
5/16/2022,0.80,1013,0.810,1833.152,914.571,
5/13/2022,0.79,917,0.801,1865.287,880.792,
5/12/2022,0.79,922,0.797,1900.069,893.803,
5/11/2022,0.78,925,0.789,1876.119,919.331,
5/10/2022,0.78,914,0.775,1864.225,941.766,
5/9/2022,0.78,931,0.778,1858.995,962.928,
5/6/2022,0.78,979,0.779,1861.866,950.700,
5/5/2022,0.79,992,0.766,1844.762,943.481,
5/4/2022,0.30,947,0.295,1815.656,964.412,
5/3/2022,0.30,923,0.300,1796.252,955.262,
5/2/2022,0.30,984,0.295,1796.302,975.018,
4/29/2022,0.28,915,0.239,1906.802,923.240,
4/28/2022,0.28,892,0.266,1818.416,953.933,
4/27/2022,0.28,882,0.281,1803.162,957.419,
4/26/2022,0.27,897,0.257,1819.343,972.993,
4/25/2022,0.27,898,0.243,1783.609,958.291,
4/22/2022,0.27,901,0.260,1765.031,934.238,
4/21/2022,0.26,906,0.254,1854.700,918.877,
4/20/2022,0.27,912,0.241,1866.560,907.526,
4/19/2022,0.28,895,0.270,1817.292,893.351,
4/18/2022,0.29,896,0.291,1738.379,841.253,
4/15/2022,0.29,886,0.290,1706.935,578.473,
4/14/2022,0.29,886,0.290,1706.935,602.292,
4/13/2022,0.29,874,0.294,1815.555,543.536,
4/12/2022,0.29,883,0.277,1710.414,545.611,
4/11/2022,0.30,886,0.288,1758.958,564.856,
4/8/2022,0.30,905,0.293,1750.498,544.736,
4/7/2022,0.30,906,0.295,1734.424,542.946,
4/6/2022,0.30,905,0.293,1731.472,545.584,
4/5/2022,0.30,929,0.303,1710.834,542.176,
4/4/2022,0.30,940,0.298,1692.936,579.607,
4/1/2022,0.30,974,0.307,1666.063,567.423,
3/31/2022,0.29,979,0.272,1871.970,651.523,
3/30/2022,0.27,900,0.264,1785.939,556.791,
3/29/2022,0.28,874,0.283,1718.870,560.968,
3/28/2022,0.28,899,0.295,1688.632,596.168,
3/25/2022,0.28,901,0.274,1676.974,582.578,
3/24/2022,0.27,900,0.267,1707.655,563.796,
3/23/2022,0.27,908,0.249,1803.186,576.442,
3/22/2022,0.28,931,0.266,1763.183,607.762,
3/21/2022,0.29,989,0.288,1728.893,626.636,
3/18/2022,0.30,968,0.274,1715.148,622.418,
3/17/2022,0.30,1003,0.267,1659.977,624.216,
3/16/2022,0.05,1016,0.040,1613.637,621.527,
3/15/2022,0.05,1014,0.040,1583.471,629.614,
3/14/2022,0.05,980,0.030,1608.021,567.360,
3/11/2022,0.05,980,0.037,1557.823,544.592,
3/10/2022,0.05,977,0.036,1568.735,541.965,
3/9/2022,0.05,952,0.051,1542.504,609.369,
3/8/2022,0.05,948,0.057,1525.099,645.312,
3/7/2022,0.05,990,0.055,1461.227,673.387,
3/4/2022,0.05,961,0.060,1483.061,658.241,
3/3/2022,0.05,1001,0.062,1533.992,661.486,
3/2/2022,0.05,1023,0.055,1526.211,685.491,
3/1/2022,0.05,1062,0.054,1552.950,699.674,
2/28/2022,0.05,1052,0.063,1596.052,771.264,
2/25/2022,0.05,962,0.057,1603.349,661.184,
2/24/2022,0.05,924,0.050,1650.399,640.342,
2/23/2022,0.05,902,0.046,1738.322,674.797,
2/22/2022,0.05,930,0.049,1699.432,695.704,
2/21/2022,0.05,931,0.052,1674.929,702.252,
2/18/2022,0.05,931,0.052,1674.929,702.252,
2/17/2022,0.05,911,0.055,1647.202,705.359,
2/16/2022,0.05,960,0.054,1644.134,709.261,
2/15/2022,0.05,972,0.052,1608.494,718.597,
2/14/2022,0.05,895,0.043,1666.232,699.135,
2/11/2022,0.05,903,0.052,1635.826,682.930,
2/10/2022,0.05,914,0.047,1634.146,672.004,
2/9/2022,0.04,911,0.041,1653.153,679.019,
2/8/2022,0.05,896,0.026,1674.610,703.228,
2/7/2022,0.05,905,0.031,1679.932,691.711,
2/4/2022,0.05,891,0.051,1642.892,682.002,
2/3/2022,0.05,935,0.047,1640.397,684.721,
2/2/2022,0.05,927,0.044,1626.895,710.267,
2/1/2022,0.05,985,0.041,1584.109,708.705,
1/31/2022,0.05,1019,0.040,1654.850,742.843,
1/28/2022,0.05,908,0.041,1615.021,642.334,
1/27/2022,0.04,913,0.038,1583.895,641.597,
1/26/2022,0.04,926,0.040,1613.046,639.620,
1/25/2022,0.05,943,0.036,1599.502,646.920,
1/24/2022,0.04,886,0.029,1614.002,619.699,
1/21/2022,0.05,875,0.027,1706.127,598.929,
1/20/2022,0.04,927,0.027,1678.931,601.115,
1/19/2022,0.05,917,0.034,1656.576,580.171,
1/18/2022,0.05,954,0.042,1597.137,586.619,
1/17/2022,0.05,874,0.023,1598.887,453.239,
1/14/2022,0.05,874,0.023,1598.887,453.239,
1/13/2022,0.05,892,0.025,1636.742,441.135,
1/12/2022,0.05,891,0.038,1536.981,489.679,
1/11/2022,0.05,935,0.047,1527.020,507.352,
1/10/2022,0.05,919,0.040,1560.421,447.887,
1/7/2022,0.05,929,0.046,1530.096,436.443,
1/6/2022,0.05,942,0.061,1510.553,440.561,
1/5/2022,0.05,946,0.066,1492.787,434.757,
1/4/2022,0.05,976,0.066,1495.692,424.696,
1/3/2022,0.05,972,0.060,1579.526,366.304,
12/31/2021,0.05,923,0.045,1904.582,406.108,
12/30/2021,0.05,836,0.036,1696.476,284.174,
12/29/2021,0.05,869,0.040,1642.506,283.995,
12/28/2021,0.05,844,0.040,1637.064,268.208,
12/27/2021,0.05,888,0.042,1580.347,202.813,
12/24/2021,0.05,880,0.048,1577.780,183.671,
12/23/2021,0.05,880,0.048,1577.780,176.914,
12/22/2021,0.05,893,0.043,1699.277,197.516,
12/21/2021,0.05,896,0.024,1748.285,146.518,
12/20/2021,0.04,905,0.030,1758.041,64.905,
12/17/2021,0.05,910,0.033,1704.586,47.877,
12/16/2021,0.05,914,0.035,1657.626,42.111,
12/15/2021,0.05,959,0.034,1621.097,58.294,
12/14/2021,0.05,919,0.033,1584.488,79.505,
12/13/2021,0.05,936,0.034,1599.768,133.605,
12/10/2021,0.05,919,0.045,1507.147,114.680,
12/9/2021,0.05,973,0.055,1500.027,118.145,
12/8/2021,0.05,978,0.060,1484.192,125.144,
12/7/2021,0.05,989,0.061,1455.038,144.924,
12/6/2021,0.05,994,0.061,1487.996,106.980,
12/3/2021,0.05,1015,0.065,1475.464,101.192,
12/2/2021,0.05,1031,0.065,1448.585,125.195,
12/1/2021,0.05,1088,0.061,1427.347,159.148,
11/30/2021,0.05,1067,0.067,1517.956,213.153,
11/29/2021,0.05,953,0.057,1459.339,143.941,
11/26/2021,0.05,895,0.051,1451.108,137.091,
11/25/2021,0.05,887,0.052,1452.897,141.042,
11/24/2021,0.05,887,0.052,1452.897,141.042,
11/23/2021,0.05,920,0.053,1571.980,165.160,
11/22/2021,0.05,930,0.050,1573.769,163.242,
11/19/2021,0.05,895,0.047,1575.384,170.311,
11/18/2021,0.05,898,0.047,1584.097,168.229,
11/17/2021,0.05,893,0.047,1520.000,178.972,
11/16/2021,0.05,924,0.056,1466.857,198.696,
11/15/2021,0.05,958,0.062,1391.657,211.700,
11/12/2021,0.05,868,0.054,1417.643,219.793,
11/11/2021,0.05,871,0.053,1448.623,231.421,
11/10/2021,0.05,871,0.053,1448.623,231.421,
11/9/2021,0.05,908,0.057,1377.197,255.937,
11/8/2021,0.05,907,0.059,1354.382,270.273,
11/5/2021,0.05,875,0.060,1354.059,263.023,
11/4/2021,0.05,925,0.056,1348.539,268.350,
11/3/2021,0.05,877,0.055,1343.985,286.959,
11/2/2021,0.05,910,0.059,1329.913,311.302,
11/1/2021,0.05,959,0.059,1358.606,269.343,
10/29/2021,0.05,847,0.030,1502.296,278.023,
10/28/2021,0.05,871,0.057,1384.684,259.761,
10/27/2021,0.05,865,0.052,1433.370,236.495,
10/26/2021,0.05,877,0.049,1423.198,261.071,
10/25/2021,0.04,858,0.040,1413.188,219.868,
10/22/2021,0.05,863,0.044,1403.020,208.815,
10/21/2021,0.03,879,0.015,1458.605,149.154,
10/20/2021,0.03,857,0.017,1493.961,117.364,
10/19/2021,0.03,875,0.019,1470.739,132.525,
10/18/2021,0.05,879,0.020,1477.114,134.768,
10/15/2021,0.05,889,0.034,1462.297,50.846,
10/14/2021,0.05,873,0.026,1445.660,46.508,
10/13/2021,0.05,907,0.039,1364.701,72.460,
10/12/2021,0.05,925,0.042,1367.051,58.993,
10/11/2021,0.05,887,0.042,1371.958,81.803,
10/8/2021,0.05,887,0.042,1371.958,81.803,
10/7/2021,0.05,911,0.043,1375.863,86.339,
10/6/2021,0.05,902,0.041,1451.175,95.854,
10/5/2021,0.05,916,0.045,1431.180,99.385,
10/4/2021,0.05,925,0.050,1399.173,141.318,
10/1/2021,0.05,928,0.050,1385.991,132.452,
9/30/2021,0.05,939,0.041,1604.881,215.160,
9/29/2021,0.05,872,0.039,1415.840,173.745,
9/28/2021,0.05,883,0.050,1365.185,172.920,
9/27/2021,0.05,927,0.056,1297.050,217.019,
9/24/2021,0.05,896,0.052,1313.657,215.533,
9/23/2021,0.05,878,0.039,1352.483,173.922,
9/22/2021,0.05,879,0.034,1283.281,272.679,
9/21/2021,0.05,894,0.034,1240.494,295.620,
9/20/2021,0.05,928,0.039,1224.289,324.877,
9/17/2021,0.05,884,0.040,1218.303,315.003,
9/16/2021,0.05,905,0.055,1147.494,317.970,
9/15/2021,0.05,942,0.061,1081.342,344.668,
9/14/2021,0.05,893,0.053,1169.280,211.227,
9/13/2021,0.05,914,0.056,1087.108,225.075,
9/10/2021,0.05,891,0.057,1099.323,208.035,
9/9/2021,0.05,917,0.059,1107.659,207.218,
9/8/2021,0.05,896,0.057,1115.229,200.702,
9/7/2021,0.05,945,0.060,1079.945,231.654,
9/6/2021,0.05,883,0.059,1074.707,262.488,
9/3/2021,0.05,883,0.059,1074.707,262.488,
9/2/2021,0.05,952,0.060,1066.987,292.163,
9/1/2021,0.05,936,0.061,1084.115,296.934,
8/31/2021,0.05,953,0.061,1189.616,355.984,
8/30/2021,0.05,885,0.053,1140.711,262.895,
8/27/2021,0.05,920,0.056,1120.015,262.811,
8/26/2021,0.05,864,0.060,1091.792,239.304,
8/25/2021,0.05,912,0.058,1147.089,258.200,
8/24/2021,0.05,923,0.056,1129.737,284.110,
8/23/2021,0.05,899,0.022,1135.697,317.103,
8/20/2021,0.05,902,0.021,1111.905,309.820,
8/19/2021,0.05,925,0.022,1109.938,321.137,
8/18/2021,0.05,935,0.037,1115.656,313.651,
8/17/2021,0.05,905,0.055,1053.454,338.853,
8/16/2021,0.05,906,0.061,1036.418,362.012,
8/13/2021,0.05,893,0.051,1050.941,335.190,
8/12/2021,0.05,909,0.044,1087.342,351.572,
8/11/2021,0.05,904,0.046,1000.460,389.747,
8/10/2021,0.05,865,0.056,998.654,416.199,
8/9/2021,0.05,884,0.056,981.765,444.212,
8/6/2021,0.05,891,0.061,952.134,442.557,
8/5/2021,0.05,901,0.063,944.335,466.601,
8/4/2021,0.05,926,0.064,931.755,505.871,
8/3/2021,0.05,974,0.068,909.442,507.848,
8/2/2021,0.05,986,0.073,921.317,555.569,
7/30/2021,0.05,903,0.047,1039.394,459.402,
7/29/2021,0.05,877,0.050,987.283,501.179,
7/28/2021,0.05,862,0.050,965.189,536.966,
7/27/2021,0.05,874,0.054,927.419,564.799,
7/26/2021,0.05,881,0.054,891.203,591.368,
7/23/2021,0.05,861,0.055,877.251,588.083,
7/22/2021,0.05,849,0.039,898.197,590.042,
7/21/2021,0.05,913,0.038,886.206,616.294,
7/20/2021,0.05,855,0.040,848.102,647.533,
7/19/2021,0.05,888,0.037,860.468,700.041,
7/16/2021,0.05,864,0.043,817.566,697.581,
7/15/2021,0.05,933,0.055,776.261,690.107,
7/14/2021,0.05,908,0.044,859.975,657.542,
7/13/2021,0.05,875,0.051,798.267,676.800,
7/12/2021,0.05,855,0.048,776.472,718.474,
7/9/2021,0.05,911,0.051,780.596,724.898,
7/8/2021,0.05,874,0.060,793.399,724.898,
7/7/2021,0.05,905,0.068,785.720,724.898,
7/6/2021,0.05,934,0.068,772.581,733.889,
7/5/2021,0.05,910,0.066,731.504,757.682,
7/2/2021,0.05,910,0.066,731.504,757.682,
7/1/2021,0.05,938,0.062,742.647,784.035,
6/30/2021,0.05,871,0.050,991.939,851.929,
6/29/2021,0.05,850,0.031,841.246,711.267,
6/28/2021,0.05,853,0.042,803.019,734.915,
6/25/2021,0.05,850,0.057,770.830,733.226,
6/24/2021,0.05,868,0.049,813.048,723.946,
6/23/2021,0.05,835,0.038,813.573,733.877,
6/22/2021,0.05,888,0.039,791.605,744.249,
6/21/2021,0.05,894,0.039,765.141,745.970,
6/18/2021,0.05,921,0.043,747.121,730.159,
6/17/2021,0.05,998,0.043,755.800,728.246,
6/16/2021,0.01,900,0.010,520.942,765.114,
6/15/2021,0.01,905,0.009,509.559,765.721,
6/14/2021,0.01,877,0.004,583.892,622.178,
6/11/2021,0.01,834,0.009,547.808,597.051,
6/10/2021,0.01,904,0.009,534.943,633.055,
6/9/2021,0.01,896,0.010,502.904,673.555,
6/8/2021,0.01,896,0.010,497.428,728.517,
6/7/2021,0.01,921,0.009,486.097,737.590,
6/4/2021,0.01,898,0.013,483.349,740.611,
6/3/2021,0.01,903,0.014,479.102,750.152,
6/2/2021,0.01,953,0.018,438.778,812.087,
6/1/2021,0.01,977,0.020,447.985,817.789,
5/31/2021,0.01,868,0.003,479.498,776.700,
5/28/2021,0.01,868,0.003,479.498,776.700,
5/27/2021,0.01,877,-0.001,485.329,745.973,
5/26/2021,0.01,869,-0.001,450.283,778.912,
5/25/2021,0.01,877,0.000,432.955,800.118,
5/24/2021,0.01,858,-0.001,394.941,824.521,
5/21/2021,0.01,857,-0.006,369.046,816.930,
5/20/2021,0.01,872,0.001,351.121,832.974,
5/19/2021,0.01,891,0.004,293.998,860.833,
5/18/2021,0.01,888,0.002,243.470,896.013,
5/17/2021,0.01,902,0.006,208.960,939.902,
5/14/2021,0.01,865,0.002,241.185,843.078,
5/13/2021,0.01,860,0.001,235.217,836.852,
5/12/2021,0.01,895,0.008,209.257,864.253,
5/11/2021,0.01,865,0.011,181.753,885.779,
5/10/2021,0.01,869,0.011,175.548,911.337,
5/7/2021,0.01,869,0.010,161.856,906.936,
5/6/2021,0.01,883,0.012,154.921,909.277,
5/5/2021,0.01,841,0.010,162.800,946.134,
5/4/2021,0.01,895,0.009,147.806,945.860,
5/3/2021,0.01,930,0.013,129.724,968.663,
4/30/2021,0.01,924,0.017,183.234,970.716,
4/29/2021,0.01,838,0.000,173.469,903.015,
4/28/2021,0.01,847,0.000,166.732,932.287,
4/27/2021,0.01,879,0.002,142.172,958.871,
4/26/2021,0.01,875,0.009,100.916,982.206,
4/23/2021,0.01,871,0.015,73.794,974.621,
4/22/2021,0.01,870,0.009,102.644,976.597,
4/21/2021,0.01,882,0.003,81.329,1003.443,
4/20/2021,0.01,896,0.005,67.747,1018.382,
4/19/2021,0.01,919,0.008,53.798,1032.722,
4/16/2021,0.01,913,0.008,39.940,1015.480,
4/15/2021,0.01,928,0.015,28.626,1010.328,
4/14/2021,0.01,883,0.000,50.856,921.685,
4/13/2021,0.01,894,0.006,37.543,924.784,
4/12/2021,0.01,863,0.003,30.221,932.525,
4/9/2021,0.01,867,0.004,31.265,923.929,
4/8/2021,0.01,896,0.013,27.640,924.880,
4/7/2021,0.01,924,0.023,35.035,954.968,
4/6/2021,0.01,979,0.028,18.951,994.366,
4/5/2021,0.01,985,0.040,3.450,1016.158,
4/2/2021,0.01,989,0.036,9.575,1019.804,
4/1/2021,0.01,989,0.036,9.575,1045.816,
3/31/2021,0.01,931,0.010,134.307,1121.951,
3/30/2021,0.01,808,0.001,104.725,1003.516,
3/29/2021,0.01,858,0.027,40.354,1019.013,
3/26/2021,0.01,924,0.036,11.450,1013.861,
3/25/2021,0.01,956,0.040,10.100,994.029,
3/24/2021,0.01,895,0.016,21.902,1031.908,
3/23/2021,0.01,896,0.006,19.526,1101.256,
3/22/2021,0.01,869,0.005,22.242,1054.770,
3/19/2021,0.01,865,0.005,18.908,1058.913,
3/18/2021,0.01,868,-0.008,26.570,1063.289,
3/17/2021,0.01,883,0.010,0.000,1089.501,
3/16/2021,0.01,914,0.012,0.702,1361.274,
3/15/2021,0.01,898,0.023,0.003,1379.152,
3/12/2021,0.01,889,0.012,6.800,1269.979,
3/11/2021,0.01,884,0.019,11.051,1268.214,
3/10/2021,0.02,914,0.048,0.100,1310.273,
3/9/2021,0.02,914,0.042,0.000,1349.174,
3/8/2021,0.02,928,0.035,0.025,1373.951,
3/5/2021,0.02,933,0.035,1.000,1368.265,
3/4/2021,0.02,936,0.038,2.100,1382.253,
3/3/2021,0.04,897,0.058,0.507,1420.238,
3/2/2021,0.04,951,0.075,0.005,1462.558,
3/1/2021,0.02,988,0.058,0.000,1500.687,
2/26/2021,0.01,889,0.009,11.200,1414.465,
2/25/2021,0.03,896,0.038,9.976,1439.646,
2/24/2021,0.02,870,0.050,0.001,1439.646,
2/23/2021,0.01,917,0.023,0.435,1480.606,
2/22/2021,0.03,860,0.046,1.100,1550.121,
2/19/2021,0.02,873,0.042,0.002,1557.254,
2/18/2021,0.03,872,0.054,0.000,1567.702,
2/17/2021,0.06,957,0.080,0.050,1568.893,
2/16/2021,0.06,934,0.093,0.004,1595.279,
2/15/2021,0.05,890,0.067,0.001,1560.063,
2/12/2021,0.05,890,0.067,0.001,1560.063,
2/11/2021,0.06,891,0.081,0.108,1564.862,
2/10/2021,0.06,884,0.102,0.000,1576.744,
2/9/2021,0.05,901,0.097,0.001,1603.403,
2/8/2021,0.02,920,0.062,0.002,1619.357,
2/5/2021,0.02,933,0.037,0.010,1613.958,
2/4/2021,0.05,989,0.062,0.500,1620.963,
2/3/2021,0.07,962,0.088,0.178,1629.729,
2/2/2021,0.07,968,0.096,0.011,1654.919,
2/1/2021,0.07,1010,0.100,0.012,1664.596,
1/29/2021,0.06,915,0.072,7.100,1611.352,
1/28/2021,0.04,906,0.074,2.655,1593.973,
1/27/2021,0.03,913,0.054,1.152,1631.783,
1/26/2021,0.03,926,0.042,1.631,1631.783,
1/25/2021,0.06,885,0.075,2.200,1641.392,
1/22/2021,0.05,906,0.076,0.000,1636.166,
1/21/2021,0.04,922,0.044,1.201,1639.728,
1/20/2021,0.06,883,0.063,1.806,1638.331,
1/19/2021,0.07,936,0.089,0.004,1652.048,
1/18/2021,0.08,904,0.090,0.000,1630.897,
1/15/2021,0.08,904,0.090,0.000,1630.897,
1/14/2021,0.08,887,0.088,0.600,1574.375,
1/13/2021,0.08,911,0.100,0.000,1575.875,
1/12/2021,0.08,918,0.098,0.000,1592.556,
1/11/2021,0.09,964,0.096,0.000,1601.940,
1/8/2021,0.09,992,0.114,0.000,1592.940,
1/7/2021,0.10,951,0.120,0.001,1576.756,
1/6/2021,0.10,978,0.124,0.004,1607.396,
1/5/2021,0.11,986,0.125,0.005,1600.257,
1/4/2021,0.10,1046,0.121,0.001,1563.361,
1/1/2021,0.07,1095,0.080,9.651,1606.627,
12/31/2020,0.07,1095,0.080,9.651,1606.627,
12/30/2020,0.09,916,0.096,0.652,1606.627,
12/29/2020,0.10,945,0.119,0.257,1606.627,
12/28/2020,0.09,946,0.122,0.901,1576.370,
12/25/2020,0.08,895,0.107,0.010,1576.370,
12/24/2020,0.08,895,0.107,0.010,1576.370,
12/23/2020,0.06,921,0.070,0.857,1583.308,
12/22/2020,0.07,923,0.074,0.406,1603.478,
12/21/2020,0.09,922,0.098,0.435,1609.289,
12/18/2020,0.09,943,0.110,0.032,1605.924,
12/17/2020,0.09,922,0.111,0.014,1603.000,
12/16/2020,0.09,914,0.099,0.026,1615.873,
12/15/2020,0.09,933,0.111,0.001,1620.613,
12/14/2020,0.08,907,0.082,0.100,1507.694,
12/11/2020,0.08,885,0.102,0.000,1491.532,
12/10/2020,0.08,946,0.102,0.001,1489.111,
12/9/2020,0.08,935,0.091,0.003,1502.361,
12/8/2020,0.07,939,0.091,0.001,1528.113,
12/7/2020,0.08,951,0.100,0.001,1542.507,
12/4/2020,0.09,951,0.117,0.000,1541.553,
12/3/2020,0.08,954,0.109,0.000,1542.061,
12/2/2020,0.08,926,0.098,0.001,1557.239,
12/1/2020,0.08,972,0.100,0.002,1559.909,
11/30/2020,0.09,1055,0.110,0.006,1622.986,
11/27/2020,0.08,900,0.110,0.000,1497.733,
11/26/2020,0.08,937,0.107,0.000,1484.036,
11/25/2020,0.08,937,0.107,0.000,1484.036,
11/24/2020,0.07,910,0.110,0.001,1508.389,
11/23/2020,0.05,913,0.067,0.485,1524.043,
11/20/2020,0.05,920,0.068,0.000,1523.945,
11/19/2020,0.06,911,0.073,2.000,1532.201,
11/18/2020,0.07,941,0.083,0.000,1546.924,
11/17/2020,0.09,970,0.111,0.000,1562.437,
11/16/2020,0.10,953,0.127,0.013,1583.700,
11/13/2020,0.09,904,0.112,0.003,1548.695,
11/12/2020,0.09,912,0.113,0.000,1559.098,
11/11/2020,0.10,923,0.123,0.000,1570.768,
11/10/2020,0.10,923,0.123,0.000,1570.768,
11/9/2020,0.10,904,0.115,0.000,1613.526,
11/6/2020,0.10,888,0.124,0.000,1611.360,
11/5/2020,0.11,938,0.132,0.000,1616.716,
11/4/2020,0.10,899,0.127,0.000,1618.568,
11/3/2020,0.10,948,0.130,0.000,1618.498,
11/2/2020,0.11,956,0.126,0.000,1668.478,
10/30/2020,0.09,873,0.115,0.001,1598.798,
10/29/2020,0.09,866,0.118,0.014,1647.480,
10/28/2020,0.08,910,0.102,0.005,1653.039,
10/27/2020,0.09,931,0.114,0.000,1673.293,
10/26/2020,0.09,921,0.123,0.001,1690.216,
10/23/2020,0.08,915,0.121,0.000,1687.789,
10/22/2020,0.07,929,0.101,0.001,1686.614,
10/21/2020,0.07,943,0.095,0.000,1699.497,
10/20/2020,0.08,918,0.114,0.007,1718.520,
10/19/2020,0.09,903,0.116,0.004,1736.903,
10/16/2020,0.09,914,0.116,0.002,1731.394,
10/15/2020,0.10,952,0.131,0.001,1724.441,
10/14/2020,0.09,885,0.113,0.000,1647.937,
10/13/2020,0.09,930,0.127,0.000,1672.917,
10/12/2020,0.09,894,0.118,0.000,1688.155,
10/9/2020,0.09,894,0.118,0.000,1688.155,
10/8/2020,0.08,924,0.121,0.212,1693.511,
10/7/2020,0.09,925,0.095,0.011,1687.434,
10/6/2020,0.10,920,0.124,0.000,1682.129,
10/5/2020,0.09,955,0.121,0.000,1699.085,
10/2/2020,0.10,927,0.130,0.000,1696.491,
10/1/2020,0.08,1020,0.117,0.001,1721.399,
9/30/2020,0.08,975,0.116,0.850,1781.679,
9/29/2020,0.07,916,0.103,1.301,1655.158,
9/28/2020,0.08,923,0.102,0.000,1667.836,
9/25/2020,0.08,929,0.116,0.000,1666.330,
9/24/2020,0.07,919,0.109,0.004,1650.402,
9/23/2020,0.06,945,0.072,0.001,1661.732,
9/22/2020,0.07,941,0.077,0.000,1672.796,
9/21/2020,0.08,925,0.080,0.054,1689.647,
9/18/2020,0.09,896,0.093,0.000,1684.759,
9/17/2020,0.10,892,0.127,0.001,1686.360,
9/16/2020,0.10,899,0.122,0.055,1692.809,
9/15/2020,0.10,938,0.129,0.002,1691.058,
9/14/2020,0.09,881,0.112,0.001,1596.094,
9/11/2020,0.09,900,0.128,0.000,1581.016,
9/10/2020,0.09,924,0.129,0.010,1580.972,
9/9/2020,0.09,937,0.125,0.001,1570.533,
9/8/2020,0.09,957,0.129,0.000,1591.491,
9/7/2020,0.09,935,0.130,0.000,1621.785,
9/4/2020,0.09,935,0.130,0.000,1621.785,
9/3/2020,0.10,955,0.132,0.000,1628.420,
9/2/2020,0.09,947,0.128,0.014,1651.823,
9/1/2020,0.09,969,0.132,0.008,1652.933,
8/31/2020,0.09,934,0.123,0.011,1705.982,
8/28/2020,0.07,881,0.101,0.000,1620.187,
8/27/2020,0.07,898,0.098,0.002,1602.817,
8/26/2020,0.07,938,0.095,0.009,1607.449,
8/25/2020,0.08,931,0.107,0.012,1629.281,
8/24/2020,0.08,935,0.105,0.000,1627.631,
8/21/2020,0.07,959,0.112,0.000,1621.385,
8/20/2020,0.07,983,0.112,0.150,1630.312,
8/19/2020,0.09,961,0.090,0.112,1636.393,
8/18/2020,0.09,977,0.118,0.002,1655.467,
8/17/2020,0.10,944,0.130,0.054,1663.881,
8/14/2020,0.09,930,0.127,0.001,1635.886,
8/13/2020,0.09,989,0.128,0.126,1641.133,
8/12/2020,0.09,964,0.129,0.103,1635.143,
8/11/2020,0.10,956,0.131,0.000,1654.869,
8/10/2020,0.09,948,0.128,0.008,1676.455,
8/7/2020,0.09,944,0.123,0.000,1678.144,
8/6/2020,0.09,1029,0.129,0.000,1687.233,
8/5/2020,0.09,1028,0.127,0.000,1706.637,
8/4/2020,0.09,1051,0.124,0.005,1708.214,
8/3/2020,0.10,991,0.129,0.000,1745.136,
7/31/2020,0.10,1034,0.134,0.150,1763.090,
7/30/2020,0.10,928,0.113,0.307,1767.341,
7/29/2020,0.09,948,0.115,0.001,1792.434,
7/28/2020,0.10,955,0.122,0.000,1795.511,
7/27/2020,0.10,973,0.135,0.000,1830.546,
7/24/2020,0.10,950,0.133,0.000,1821.824,
7/23/2020,0.10,942,0.125,0.000,1821.824,
7/22/2020,0.10,1031,0.115,0.000,1777.180,
7/21/2020,0.11,963,0.130,0.000,1794.448,
7/20/2020,0.12,975,0.136,0.003,1817.270,
7/17/2020,0.12,988,0.143,0.000,1812.801,
7/16/2020,0.12,957,0.139,0.001,1807.305,
7/15/2020,0.13,939,0.151,0.001,1740.455,
7/14/2020,0.11,972,0.141,0.001,1627.709,
7/13/2020,0.10,960,0.139,0.001,1653.555,
7/10/2020,0.10,942,0.144,0.000,1641.080,
7/9/2020,0.10,984,0.138,0.000,1642.285,
7/8/2020,0.10,954,0.132,0.001,1624.404,
7/7/2020,0.10,969,0.136,0.003,1642.079,
7/6/2020,0.10,977,0.142,0.000,1660.660,
7/3/2020,0.11,952,0.149,0.000,1661.799,
7/2/2020,0.11,952,0.149,0.000,1659.147,
7/1/2020,0.11,1003,0.134,0.002,1656.747,
6/30/2020,0.10,970,0.129,0.950,1722.032,
6/29/2020,0.08,940,0.123,0.250,1644.690,
6/26/2020,0.08,938,0.126,0.200,1647.248,
6/25/2020,0.09,984,0.125,0.001,1638.128,
6/24/2020,0.08,1015,0.121,0.001,1586.573,
6/23/2020,0.07,992,0.110,0.011,1612.877,
6/22/2020,0.08,1024,0.117,0.010,1626.909,
6/19/2020,0.09,963,0.123,0.001,1635.527,
6/18/2020,0.09,1046,0.122,0.001,1634.655,
6/17/2020,0.09,1012,0.120,0.001,1565.306,
6/16/2020,0.09,986,0.134,4.000,1588.615,
6/15/2020,0.09,1000,0.130,0.003,1597.571,
6/12/2020,0.08,969,0.125,0.000,1541.349,
6/11/2020,0.08,1009,0.112,0.375,1550.414,
6/10/2020,0.07,1008,0.121,0.012,1504.569,
6/9/2020,0.08,1034,0.125,1.252,1535.311,
6/8/2020,0.07,1032,0.124,0.000,1520.809,
6/5/2020,0.07,1021,0.119,0.000,1494.494,
6/4/2020,0.07,1067,0.114,0.000,1501.733,
6/3/2020,0.06,1024,0.115,0.013,1431.462,
6/2/2020,0.07,1054,0.125,2.013,1455.494,
6/1/2020,0.06,1104,0.118,0.000,1394.436,
5/29/2020,0.06,1061,0.096,1.325,1449.129,
5/28/2020,0.06,1031,0.126,0.000,1414.981,
5/27/2020,0.06,1069,0.102,4.326,1326.897,
5/26/2020,0.06,1081,0.115,0.001,1364.378,
5/25/2020,0.04,1085,0.104,0.001,1302.819,
5/22/2020,0.04,1085,0.104,0.001,1302.819,
5/21/2020,0.02,1117,0.064,0.003,1270.885,
5/20/2020,0.01,1103,0.025,9.726,1193.297,
5/19/2020,0.04,1127,0.084,0.090,1218.209,
5/18/2020,0.04,1130,0.079,0.578,1188.332,
5/15/2020,0.05,1127,0.105,1.150,1185.006,
5/14/2020,0.02,1102,0.086,0.133,1206.011,
5/13/2020,0.04,1085,0.057,13.825,1138.172,
5/12/2020,0.06,1142,0.117,0.825,1172.993,
5/11/2020,0.06,1123,0.118,0.123,1151.999,
5/8/2020,0.06,1142,0.120,0.680,1193.614,
5/7/2020,0.05,1127,0.119,0.982,1198.455,
5/6/2020,0.05,1127,0.109,1.175,1143.268,
5/5/2020,0.05,1172,0.104,1.925,1167.077,
5/4/2020,0.05,1184,0.098,4.850,1099.175,
5/1/2020,0.03,1190,0.111,0.251,1100.958,
4/30/2020,0.04,1180,0.106,1.775,1180.035,
4/29/2020,0.01,1141,0.075,1.450,1076.232,
4/28/2020,0.01,1165,0.060,7.131,1040.169,
4/27/2020,0.03,1145,0.084,16.476,961.804,
4/24/2020,0.03,1208,0.097,1.500,965.931,
4/23/2020,0.01,1141,0.091,1.450,1006.551,
4/22/2020,0.01,1158,0.050,10.825,949.999,
4/21/2020,0.01,1163,0.040,12.528,924.544,
4/20/2020,0.02,1158,0.060,31.000,857.911,
4/17/2020,0.03,1231,0.088,1.726,889.042,
4/16/2020,0.03,1223,0.111,1.525,909.739,
4/15/2020,0.03,1257,0.078,3.150,856.155,
4/14/2020,0.06,1152,0.095,9.900,958.940,
4/13/2020,0.02,1193,0.112,6.100,868.878,
4/10/2020,0.01,1160,0.106,5.525,881.941,
4/9/2020,0.01,1160,0.106,5.525,898.910,
4/8/2020,0.01,1152,0.095,53.483,827.178,
4/7/2020,0.01,1226,0.080,88.360,750.414,
4/6/2020,0.01,1254,0.068,144.294,676.457,
4/3/2020,0.01,1266,0.060,148.117,673.488,
4/2/2020,0.01,1202,0.089,182.627,615.537,
4/1/2020,0.01,1226,0.052,207.828,506.933,
3/31/2020,0.01,1127,0.002,284.908,515.257,
3/30/2020,0.01,1157,0.048,237.497,407.730,
3/27/2020,0.01,1222,0.050,210.794,397.619,
3/26/2020,0.01,1233,0.089,138.480,382.097,
3/25/2020,0.01,1229,0.094,97.411,384.890,
3/24/2020,0.01,1280,0.061,41.516,410.766,
3/23/2020,0.02,1277,0.068,26.944,394.910,
3/20/2020,0.04,1235,0.074,12.203,382.896,
3/19/2020,0.06,1319,0.103,1.195,392.511,
3/18/2020,0.10,1358,0.154,0.477,401.354,
3/17/2020,0.54,1335,0.638,5.700,422.448,
3/16/2020,0.26,1306,0.859,1.425,417.801,
3/13/2020,1.10,1298,1.158,15.100,325.866,
3/12/2020,1.20,1293,1.194,21.050,318.828,
3/11/2020,1.15,1222,1.191,1.325,372.337,
3/10/2020,1.11,1264,1.181,0.151,395.134,
3/9/2020,1.09,1256,1.163,2.504,390.574,
3/6/2020,1.10,1295,1.146,2.930,375.464,
3/5/2020,1.12,1254,1.168,0.850,379.451,
3/4/2020,1.23,1261,1.245,5.025,381.302,
3/3/2020,1.64,1238,1.720,0.627,386.591,
3/2/2020,1.59,1291,1.695,2.525,403.798,
2/28/2020,1.60,1156,1.647,2.187,357.251,
2/27/2020,1.58,1106,1.626,0.275,378.164,
2/26/2020,1.58,1120,1.626,2.300,387.615,
2/25/2020,1.59,1122,1.634,0.111,469.710,
2/24/2020,1.58,1106,1.614,0.592,450.799,
2/21/2020,1.58,1099,1.609,4.532,441.313,
2/20/2020,1.60,1112,1.627,3.600,443.494,
2/19/2020,1.59,1128,1.631,5.054,421.051,
2/18/2020,1.60,1163,1.646,9.454,445.806,
2/17/2020,1.58,1086,1.627,0.000,427.327,
2/14/2020,1.58,1086,1.627,0.000,427.327,
2/13/2020,1.57,1114,1.623,0.450,425.468,
2/12/2020,1.57,1124,1.615,0.309,404.341,
2/11/2020,1.58,1114,1.622,0.228,432.191,
2/10/2020,1.58,1111,1.594,0.830,414.251,
2/7/2020,1.58,1111,1.607,1.100,405.658,
2/6/2020,1.59,1105,1.622,0.403,410.904,
2/5/2020,1.59,1168,1.624,4.112,416.585,
2/4/2020,1.60,1161,1.637,2.112,417.779,
2/3/2020,1.59,1134,1.644,6.160,401.010,
1/31/2020,1.60,1149,1.652,4.500,403.983,
1/30/2020,1.58,1072,1.626,4.140,445.933,
1/29/2020,1.53,1082,1.572,0.300,450.537,
1/28/2020,1.53,1074,1.569,0.002,443.253,
1/27/2020,1.53,1051,1.571,0.002,435.639,
1/24/2020,1.53,1070,1.565,0.000,424.554,
1/23/2020,1.54,1051,1.570,12.904,421.339,
1/22/2020,1.54,1085,1.570,15.604,411.708,
1/21/2020,1.54,1067,1.569,13.381,415.874,
1/20/2020,1.54,1043,1.575,16.150,401.053,
1/17/2020,1.54,1043,1.575,16.150,401.053,
1/16/2020,1.55,1069,1.578,0.300,395.791,
1/15/2020,1.56,1022,1.584,0.675,380.802,
1/14/2020,1.55,1009,1.575,0.656,348.006,
1/13/2020,1.54,1021,1.578,1.000,357.137,
1/10/2020,1.55,1013,1.577,0.627,342.514,
1/9/2020,1.55,1011,1.590,0.401,343.421,
1/8/2020,1.55,1007,1.584,0.876,350.840,
1/7/2020,1.56,1028,1.594,1.602,365.660,
1/6/2020,1.55,1034,1.593,3.825,378.421,
1/3/2020,1.55,1030,1.593,4.251,363.919,
1/2/2020,1.54,1123,1.603,3.100,382.335,
1/1/2020,1.55,1010,1.624,64.087,403.853,
12/31/2019,1.55,1010,1.624,64.087,403.853,
12/30/2019,1.54,1036,1.572,6.525,391.180,
12/27/2019,1.53,1038,1.579,0.825,374.776,
12/26/2019,1.52,1000,1.573,3.192,354.659,
12/25/2019,1.52,1006,1.549,4.423,351.934,
12/24/2019,1.52,1006,1.549,4.423,351.934,
12/23/2019,1.52,1027,1.563,7.652,387.129,
12/20/2019,1.53,967,1.559,13.051,370.111,
12/19/2019,1.53,988,1.568,8.936,373.409,
12/18/2019,1.53,1057,1.579,13.362,378.573,
12/17/2019,1.54,1014,1.592,0.826,387.575,
12/16/2019,1.62,1025,1.643,1.328,401.451,
12/13/2019,1.54,1017,1.612,0.000,293.216,
12/12/2019,1.53,1039,1.568,0.600,280.898,
12/11/2019,1.54,1056,1.576,0.605,304.160,
12/10/2019,1.55,1049,1.589,0.001,316.010,
12/9/2019,1.56,1042,1.589,0.115,340.756,
12/6/2019,1.55,1017,1.588,1.000,331.960,
12/5/2019,1.55,1017,1.600,0.001,331.250,
12/4/2019,1.54,1046,1.598,0.000,338.453,
12/3/2019,1.55,1050,1.590,0.151,332.247,
12/2/2019,1.63,1104,1.640,0.015,371.347,
11/29/2019,1.65,1004,1.656,0.750,342.618,
11/28/2019,1.55,1011,1.596,0.506,358.896,
11/27/2019,1.55,1011,1.596,0.506,358.896,
11/26/2019,1.54,1056,1.588,2.205,374.167,
11/25/2019,1.56,994,1.594,0.000,369.284,
11/22/2019,1.58,1028,1.614,0.375,355.420,
11/21/2019,1.58,993,1.626,25.719,357.980,
11/20/2019,1.57,1001,1.620,26.026,357.551,
11/19/2019,1.57,1008,1.639,26.726,376.080,
11/18/2019,1.56,1012,1.608,27.055,380.068,
11/15/2019,1.59,1049,1.624,0.002,361.698,
11/14/2019,1.58,1027,1.612,1.867,382.896,
11/13/2019,1.57,1018,1.596,1.762,370.185,
11/12/2019,1.57,1064,1.632,1.301,393.834,
11/11/2019,1.56,1016,1.603,0.805,381.727,
11/8/2019,1.56,1016,1.603,0.805,381.727,
11/7/2019,1.56,1066,1.607,1.055,382.761,
11/6/2019,1.57,1083,1.601,1.650,378.184,
11/5/2019,1.58,1062,1.619,1.836,373.672,
11/4/2019,1.56,1146,1.620,3.085,370.080,
11/1/2019,1.58,1118,1.634,2.100,360.775,
10/31/2019,1.76,1174,1.807,2.851,434.942,
10/30/2019,1.82,1099,1.873,0.196,400.616,
10/29/2019,1.81,1048,1.873,0.081,400.905,
10/28/2019,1.82,1089,1.857,0.036,393.739,
10/25/2019,1.84,1077,1.880,0.005,383.655,
10/24/2019,1.86,1086,1.910,0.425,382.885,
10/23/2019,1.87,1065,1.902,18.290,375.170,
10/22/2019,1.87,1079,1.914,20.700,384.216,
10/21/2019,1.86,1054,1.908,18.758,379.070,
10/18/2019,1.88,1120,1.916,20.100,376.290,
10/17/2019,1.95,1077,1.974,1.001,378.567,
10/16/2019,2.05,1086,2.069,1.803,361.497,
10/15/2019,2.00,1088,2.170,1.726,369.111,
10/14/2019,1.85,1024,1.888,2.950,308.479,
10/11/2019,1.85,1024,1.888,2.950,308.479,
10/10/2019,1.85,1124,1.887,1.100,307.701,
10/9/2019,1.85,1061,1.899,1.469,297.389,
10/8/2019,1.85,1070,1.898,3.976,313.105,
10/7/2019,1.83,1070,1.884,5.650,330.055,
10/4/2019,1.82,1094,1.876,5.325,321.687,
10/3/2019,1.84,1120,1.871,3.297,321.728,
10/2/2019,1.85,1147,1.901,3.054,335.185,
10/1/2019,1.88,1183,1.960,2.706,328.321,
9/30/2019,2.35,1097,2.460,7.057,382.483,
9/27/2019,1.82,1084,1.874,5.330,330.276,
9/26/2019,1.85,1092,1.869,5.180,309.380,
9/25/2019,2.01,1080,2.010,0.133,305.810,
9/24/2019,1.96,1085,2.014,0.101,323.460,
9/23/2019,1.85,1140,2.000,7.485,324.733,
9/20/2019,1.86,1121,1.908,7.552,310.506,
9/19/2019,1.95,1137,1.975,5.004,313.799,
9/18/2019,2.55,1196,3.000,18.910,303.057,
9/17/2019,5.25,1177,6.007,1.825,307.731,
9/16/2019,2.43,1156,2.876,2.202,298.755,
9/13/2019,2.20,1134,2.288,2.675,215.579,
9/12/2019,2.20,1156,2.268,3.469,195.302,
9/11/2019,2.15,1179,2.240,3.612,183.581,
9/10/2019,2.14,1186,2.229,3.608,193.989,
9/9/2019,2.12,1243,2.197,2.787,190.398,
9/6/2019,2.15,1222,2.204,0.880,181.508,
9/5/2019,2.21,1197,2.269,1.075,184.901,
9/4/2019,2.21,1222,2.298,1.425,174.779,
9/3/2019,2.17,1281,2.304,1.754,177.181,
9/2/2019,2.16,1194,2.230,12.089,133.091,
8/30/2019,2.16,1194,2.230,12.089,133.091,
8/29/2019,2.12,1196,2.176,0.102,156.856,
8/28/2019,2.12,1196,2.178,4.255,150.146,
8/27/2019,2.15,1197,2.215,1.555,165.326,
8/26/2019,2.10,1190,2.190,3.676,146.691,
8/23/2019,2.10,1130,2.164,9.046,139.037,
8/22/2019,2.09,1160,2.162,14.611,142.425,
8/21/2019,2.10,1188,2.167,15.153,131.447,
8/20/2019,2.13,1228,2.186,15.980,145.898,
8/19/2019,2.11,1241,2.179,13.403,128.669,
8/16/2019,2.13,1247,2.192,11.843,120.765,
8/15/2019,2.18,1218,2.252,3.510,111.766,
8/14/2019,2.13,1244,2.200,2.744,130.981,
8/13/2019,2.16,1183,2.220,5.001,144.667,
8/12/2019,2.12,1177,2.183,5.430,132.745,
8/9/2019,2.11,1186,2.189,2.720,125.213,
8/8/2019,2.09,1218,2.186,3.056,125.667,
8/7/2019,2.10,1196,2.163,3.622,133.077,
8/6/2019,2.11,1234,2.176,3.410,129.108,
8/5/2019,2.13,1253,2.184,3.474,141.111,
8/2/2019,2.19,1185,2.232,3.335,133.666,
8/1/2019,2.19,1183,2.253,6.044,117.629,
7/31/2019,2.55,1217,2.609,7.367,176.662,
7/30/2019,2.39,1158,2.441,2.306,161.081,
7/29/2019,2.40,1153,2.468,3.928,170.082,
7/26/2019,2.41,1142,2.466,3.250,159.064,
7/25/2019,2.42,1153,2.490,3.355,161.323,
7/24/2019,2.41,1139,2.481,8.255,178.227,
7/23/2019,2.40,1091,2.470,14.755,194.645,
7/22/2019,2.40,1123,2.473,14.160,200.842,
7/19/2019,2.41,1140,2.468,14.255,195.443,
7/18/2019,2.46,1114,2.511,16.662,193.492,
7/17/2019,2.47,1104,2.527,1.960,206.203,
7/16/2019,2.47,1102,2.562,3.007,221.578,
7/15/2019,2.46,1199,2.551,5.557,223.382,
7/12/2019,2.36,1138,2.459,5.150,181.379,
7/11/2019,2.41,1147,2.451,4.950,183.735,
7/10/2019,2.46,1139,2.496,6.252,195.226,
7/9/2019,2.45,1178,2.532,6.576,210.858,
7/8/2019,2.48,1211,2.543,6.500,219.246,
7/5/2019,2.59,1193,2.642,6.155,210.522,
7/4/2019,2.56,1213,2.656,6.849,220.911,
7/3/2019,2.56,1213,2.656,6.849,220.911,
7/2/2019,2.51,1224,2.609,8.160,239.653,
7/1/2019,2.42,1181,2.870,15.837,242.627,
6/28/2019,2.50,1113,2.588,44.307,263.709,
6/27/2019,2.42,1117,2.466,16.794,222.822,
6/26/2019,2.43,1099,2.464,7.784,240.909,
6/25/2019,2.41,1101,2.448,6.400,255.080,
6/24/2019,2.39,1092,2.467,11.156,263.915,
6/21/2019,2.37,1103,2.419,21.355,246.052,
6/20/2019,2.36,1067,2.441,27.430,240.054,
6/19/2019,2.36,1059,2.410,22.357,258.641,
6/18/2019,2.39,1059,2.435,18.006,263.642,
6/17/2019,2.41,1098,2.493,2.269,265.790,
6/14/2019,2.35,1047,2.408,1.657,153.849,
6/13/2019,2.35,1039,2.409,1.655,139.168,
6/12/2019,2.37,1099,2.422,1.705,173.062,
6/11/2019,2.38,1048,2.437,1.007,183.097,
6/10/2019,2.39,1112,2.444,2.105,199.119,
6/7/2019,2.39,1104,2.444,1.910,189.662,
6/6/2019,2.40,1031,2.462,2.210,188.654,
6/5/2019,2.40,1082,2.455,2.255,207.647,
6/4/2019,2.39,1110,2.450,1.891,204.066,
6/3/2019,2.40,1162,2.459,1.255,221.319,
5/31/2019,2.49,1136,2.552,0.855,232.874,
5/30/2019,2.40,1083,2.445,1.026,233.808,
5/29/2019,2.40,1099,2.460,2.226,249.011,
5/28/2019,2.41,1085,2.456,1.520,250.731,
5/27/2019,2.37,1038,2.425,5.956,246.420,
5/24/2019,2.37,1038,2.425,5.956,246.420,
5/23/2019,2.37,1039,2.429,4.930,249.017,
5/22/2019,2.37,1037,2.413,3.751,264.581,
5/21/2019,2.38,1017,2.434,3.705,281.013,
5/20/2019,2.39,1038,2.433,8.105,291.346,
5/17/2019,2.42,1036,2.462,9.700,285.010,
5/16/2019,2.43,1030,2.487,1.750,288.080,
5/15/2019,2.48,1052,2.533,0.460,294.969,
5/14/2019,2.39,1012,2.456,1.370,330.430,
5/13/2019,2.38,1007,2.433,0.111,333.924,
5/10/2019,2.40,1034,2.445,0.271,326.819,
5/9/2019,2.41,1011,2.449,0.516,326.721,
5/8/2019,2.43,1034,2.473,0.021,344.461,
5/7/2019,2.44,1069,2.492,0.961,361.375,
5/6/2019,2.42,1021,2.464,0.067,348.084,
5/3/2019,2.43,1076,2.470,0.010,340.557,
5/2/2019,2.50,1053,2.534,0.023,362.909,
5/1/2019,2.54,1074,2.602,0.027,368.764,
4/30/2019,2.76,1084,2.807,0.015,422.586,
4/29/2019,2.48,968,2.534,0.615,414.335,
4/26/2019,2.46,982,2.519,0.915,401.162,
4/25/2019,2.45,962,2.512,0.610,394.315,
4/24/2019,2.44,1018,2.490,9.515,398.916,
4/23/2019,2.46,969,2.499,5.690,416.992,
4/22/2019,2.46,978,2.547,1.117,388.844,
4/19/2019,2.50,979,2.568,0.440,364.539,
4/18/2019,2.50,979,2.568,0.440,351.845,
4/17/2019,2.50,954,2.576,0.015,369.365,
4/16/2019,2.47,961,2.587,0.700,356.274,
4/15/2019,2.47,968,2.547,0.018,317.915,
4/12/2019,2.44,955,2.498,0.016,243.935,
4/11/2019,2.44,974,2.482,0.122,221.493,
4/10/2019,2.45,945,2.490,2.731,245.664,
4/9/2019,2.45,970,2.505,0.410,260.472,
4/8/2019,2.46,949,2.516,0.284,273.795,
4/5/2019,2.46,976,2.518,0.015,264.187,
4/4/2019,2.46,1000,2.535,0.615,265.825,
4/3/2019,2.47,987,2.512,0.016,270.470,
4/2/2019,2.46,978,2.543,0.019,295.524,
4/1/2019,2.46,978,2.545,0.011,307.320,
3/29/2019,2.65,897,2.611,0.731,334.012,
3/28/2019,2.43,898,2.478,0.515,295.961,
3/27/2019,2.40,879,2.449,0.166,295.593,
3/26/2019,2.40,901,2.485,0.566,320.547,
3/25/2019,2.40,919,2.453,0.129,318.195,
3/22/2019,2.40,889,2.456,5.016,309.955,
3/21/2019,2.44,921,2.500,0.411,311.880,
3/20/2019,2.47,928,2.524,0.617,314.749,
3/19/2019,2.42,945,2.531,2.515,337.761,
3/18/2019,2.41,942,2.478,3.169,328.710,
3/15/2019,2.46,940,2.521,0.015,300.825,
3/14/2019,2.42,879,2.479,0.019,241.667,
3/13/2019,2.40,925,2.458,0.016,238.381,
3/12/2019,2.39,916,2.465,0.027,262.271,
3/11/2019,2.38,949,2.449,0.019,255.500,
3/8/2019,2.39,954,2.442,0.015,240.931,
3/7/2019,2.38,972,2.452,0.717,242.860,
3/6/2019,2.38,977,2.440,2.115,213.611,
3/5/2019,2.38,956,2.437,3.119,218.308,
3/4/2019,2.38,965,2.433,2.917,213.030,
3/1/2019,2.38,1007,2.454,2.015,201.566,
2/28/2019,2.58,1003,2.618,3.415,290.665,
2/27/2019,2.37,898,2.437,1.915,266.024,
2/26/2019,2.38,919,2.443,1.815,326.153,
2/25/2019,2.38,938,2.446,1.375,324.761,
2/22/2019,2.40,894,2.443,6.665,311.876,
2/21/2019,2.39,886,2.453,1.725,321.454,
2/20/2019,2.39,913,2.459,2.275,331.003,
2/19/2019,2.40,941,2.473,1.967,357.688,
2/18/2019,2.43,913,2.487,5.271,321.808,
2/15/2019,2.43,913,2.487,5.271,321.808,
2/14/2019,2.39,862,2.458,1.341,361.347,
2/13/2019,2.38,928,2.450,1.697,375.119,
2/12/2019,2.39,920,2.459,1.658,398.585,
2/11/2019,2.40,984,2.455,2.006,394.023,
2/8/2019,2.37,912,2.435,2.016,335.829,
2/7/2019,2.38,918,2.442,2.320,338.549,
2/6/2019,2.38,942,2.456,1.926,353.896,
2/5/2019,2.40,932,2.445,1.686,353.200,
2/4/2019,2.40,964,2.456,4.515,347.476,
2/1/2019,2.47,993,2.521,0.665,336.151,
1/31/2019,2.58,1048,2.693,1.051,403.597,
1/30/2019,2.39,948,2.452,0.990,411.384,
1/29/2019,2.40,934,2.448,1.840,412.931,
1/28/2019,2.39,981,2.443,1.265,407.393,
1/25/2019,2.40,915,2.451,1.515,397.633,
1/24/2019,2.41,994,2.477,15.060,398.325,
1/23/2019,2.40,956,2.448,11.415,402.227,
1/22/2019,2.41,967,2.464,10.465,401.576,
1/21/2019,2.42,974,2.455,13.165,385.978,
1/18/2019,2.42,974,2.455,13.165,385.978,
1/17/2019,2.41,969,2.459,2.065,379.667,
1/16/2019,2.43,988,2.455,1.316,396.414,
1/15/2019,2.46,991,2.495,2.016,391.614,
1/14/2019,2.40,977,2.446,1.205,346.986,
1/11/2019,2.41,973,2.457,2.016,331.349,
1/10/2019,2.43,1026,2.484,2.216,329.196,
1/9/2019,2.45,1032,2.511,2.537,349.443,
1/8/2019,2.42,1070,2.516,2.811,362.161,
1/7/2019,2.41,1052,2.496,2.786,364.760,
1/4/2019,2.45,1041,2.491,2.860,356.117,
1/3/2019,2.70,1063,2.642,7.198,352.175,
1/2/2019,3.15,1092,3.231,19.481,382.616,
1/1/2019,3.00,1000,5.149,41.848,402.138,
12/31/2018,3.00,1000,5.149,41.848,402.138,
12/28/2018,2.46,927,2.551,3.210,374.086,
12/27/2018,2.44,943,2.503,3.100,350.161,
12/26/2018,2.44,957,2.524,1.005,368.236,
12/25/2018,2.41,881,2.517,7.960,385.921,
12/24/2018,2.41,881,2.517,7.960,385.921,
12/21/2018,2.40,927,2.445,8.805,369.800,
12/20/2018,2.41,963,2.478,9.521,369.121,
12/19/2018,2.30,910,2.326,5.982,396.293,
12/18/2018,2.32,920,2.362,6.216,405.951,
12/17/2018,2.31,935,2.396,0.415,413.686,
12/14/2018,2.21,867,2.287,0.315,311.699,
12/13/2018,2.21,897,2.262,0.415,303.972,
12/12/2018,2.20,882,2.264,0.461,322.663,
12/11/2018,2.19,868,2.271,0.352,334.446,
12/10/2018,2.22,903,2.277,1.424,345.214,
12/7/2018,2.30,912,2.316,5.635,335.704,
12/6/2018,2.34,963,2.447,3.360,335.333,
12/5/2018,2.27,892,2.321,3.135,328.613,
12/4/2018,2.27,892,2.321,3.135,324.242,
12/3/2018,2.23,912,2.321,2.210,332.153,
11/30/2018,2.28,919,2.357,2.490,344.874,
11/29/2018,2.24,850,2.307,1.814,343.322,
11/28/2018,2.19,850,2.268,1.464,332.336,
11/27/2018,2.19,843,2.266,0.440,349.874,
11/26/2018,2.20,862,2.261,0.615,355.284,
11/23/2018,2.23,820,2.263,13.105,343.116,
11/22/2018,2.18,819,2.240,16.205,317.331,
11/21/2018,2.18,819,2.240,16.205,317.331,
11/20/2018,2.20,845,2.248,15.235,329.967,
11/19/2018,2.24,863,2.297,16.295,340.443,
11/16/2018,2.26,828,2.330,18.565,332.083,
11/15/2018,2.28,846,2.342,0.494,327.429,
11/14/2018,2.20,803,2.274,0.660,328.686,
11/13/2018,2.20,817,2.249,1.065,347.277,
11/12/2018,2.20,836,2.264,0.401,341.974,
11/9/2018,2.20,836,2.264,0.401,341.974,
11/8/2018,2.21,819,2.281,1.166,343.799,
11/7/2018,2.18,823,2.225,1.875,316.157,
11/6/2018,2.22,802,2.261,2.540,313.269,
11/5/2018,2.24,842,2.297,1.465,321.371,
11/2/2018,2.25,853,2.324,1.510,316.635,
11/1/2018,2.22,835,2.394,4.640,339.185,
10/31/2018,2.22,849,2.310,4.815,366.596,
10/30/2018,2.18,788,2.251,0.715,375.928,
10/29/2018,2.18,806,2.246,1.748,381.164,
10/26/2018,2.19,779,2.257,2.004,372.504,
10/25/2018,2.19,822,2.265,1.944,372.379,
10/24/2018,2.18,828,2.243,6.444,360.681,
10/23/2018,2.17,779,2.233,4.466,374.478,
10/22/2018,2.18,791,2.236,3.189,373.431,
10/19/2018,2.19,785,2.261,3.916,369.528,
10/18/2018,2.19,810,2.268,10.290,369.856,
10/17/2018,2.18,771,2.270,0.174,360.638,
10/16/2018,2.18,816,2.262,0.466,370.559,
10/15/2018,2.21,837,2.285,0.366,364.651,
10/12/2018,2.18,852,2.263,0.960,309.211,
10/11/2018,2.17,838,2.255,2.016,306.983,
10/10/2018,2.15,839,2.260,2.390,308.869,
10/9/2018,2.15,855,2.251,2.390,329.788,
10/8/2018,2.16,873,2.223,1.565,326.140,
10/5/2018,2.16,873,2.223,1.565,326.140,
10/4/2018,2.18,816,2.233,3.265,329.827,
10/3/2018,2.20,855,2.275,2.954,350.281,
10/2/2018,2.20,861,2.286,3.295,369.434,
10/1/2018,2.22,917,2.290,4.185,368.488,
9/28/2018,2.25,807,2.348,48.430,384.713,
9/27/2018,2.16,825,2.226,30.056,333.711,
9/26/2018,1.92,828,1.962,5.625,367.243,
9/25/2018,1.93,814,1.970,3.440,380.347,
9/24/2018,1.95,799,1.963,9.340,380.103,
9/21/2018,1.92,781,1.984,17.465,366.176,
9/20/2018,1.92,808,1.976,17.868,363.997, 
9/19/2018,1.92,794,1.981,8.915,399.519,
9/18/2018,1.94,819,1.987,10.115,405.806,
9/17/2018,2.00,789,2.045,0.715,393.190,
9/14/2018,1.95,798,2.029,1.315,292.893,
9/13/2018,1.94,810,1.990,1.791,297.697,
9/12/2018,1.94,810,2.006,1.315,297.697,
9/11/2018,1.94,802,2.003,1.241,306.899,
9/10/2018,1.94,816,2.006,0.015,309.612,
9/7/2018,1.94,802,2.020,0.015,301.597,
9/6/2018,1.94,799,2.007,0.815,306.574,
9/5/2018,1.95,798,2.007,0.010,324.437,
9/4/2018,1.95,833,2.028,0.595,328.486,
9/3/2018,1.97,804,2.039,0.390,317.971,
8/31/2018,1.97,804,2.039,0.390,317.971,
8/30/2018,1.93,795,1.995,0.985,341.540,
8/29/2018,1.93,797,1.987,0.840,345.255,
8/28/2018,1.95,805,2.006,1.415,341.177,
8/27/2018,1.95,814,2.037,0.996,339.925,
8/24/2018,1.95,773,2.024,4.665,339.925,
8/23/2018,1.94,773,2.031,2.416,345.360,
8/22/2018,1.90,787,2.003,1.126,334.992,
8/21/2018,1.90,772,1.981,1.466,346.406,
8/20/2018,1.90,778,1.973,1.646,352.718,
8/17/2018,1.90,799,1.973,4.016,350.958,
8/16/2018,1.99,782,2.055,0.532,351.762,
8/15/2018,1.98,807,2.070,0.315,318.117,
8/14/2018,1.93,729,2.047,0.685,348.234,
8/13/2018,1.91,733,2.009,1.383,352.397,
8/10/2018,1.90,735,2.018,2.470,345.053,
8/9/2018,1.91,761,1.991,1.745,345.681,
8/8/2018,1.88,738,1.959,1.659,311.690,
8/7/2018,1.87,732,1.956,2.337,325.462,
8/6/2018,1.86,763,1.959,2.095,331.580,
8/3/2018,1.86,763,1.942,1.673,324.023,
8/2/2018,1.91,781,1.967,1.817,344.497,
8/1/2018,1.88,786,1.964,0.795,310.204,
7/31/2018,1.93,799,1.979,9.045,358.159,
7/30/2018,1.88,768,1.936,1.995,364.574,
7/27/2018,1.88,774,1.922,1.470,356.398,
7/26/2018,1.90,784,1.953,1.571,358.530,
7/25/2018,1.87,753,1.956,0.720,338.978,
7/24/2018,1.90,775,1.916,4.895,352.674,
7/23/2018,1.87,764,1.923,2.270,355.938,
7/20/2018,1.88,773,1.948,1.170,347.454,
7/19/2018,1.90,769,1.954,3.620,352.247,
7/18/2018,1.90,783,1.921,6.021,335.801,
7/17/2018,1.92,766,1.983,1.220,347.036,
7/16/2018,1.95,767,2.025,0.870,351.651,
7/13/2018,1.90,735,1.995,0.871,308.129,
7/12/2018,1.90,747,1.946,2.455,312.325,
7/11/2018,1.89,766,1.938,1.230,316.434,
7/10/2018,1.89,762,1.962,1.955,329.750,
7/9/2018,1.89,784,1.946,3.596,334.686,
7/6/2018,1.93,760,1.974,4.195,326.004,
7/5/2018,1.97,807,2.025,8.205,326.453,
7/4/2018,2.00,768,2.049,4.852,325.543,
7/3/2018,2.00,768,2.049,4.852,325.543,
7/2/2018,2.04,775,2.110,32.139,350.599,
6/29/2018,2.12,702,2.233,96.970,332.805,
6/28/2018,1.93,768,2.045,20.419,352.083,
6/27/2018,1.90,760,1.953,20.680,362.175,
6/26/2018,1.90,757,1.964,10.385,375.921,
6/25/2018,1.91,755,1.955,12.730,381.513,
6/22/2018,1.92,742,1.975,1.430,374.630,
6/21/2018,1.87,753,1.966,1.370,374.084,
6/20/2018,1.87,769,1.921,0.320,380.090,
6/19/2018,1.88,799,1.930,0.195,385.423,
6/18/2018,1.90,799,1.939,0.370,373.207,
6/15/2018,1.91,802,1.996,0.270,350.812,
6/14/2018,1.90,818,1.955,2.935,278.287,
6/13/2018,1.71,817,1.743,3.025,282.968,
6/12/2018,1.67,774,1.762,1.308,287.180,
6/11/2018,1.69,791,1.739,4.836,288.319,
6/8/2018,1.69,806,1.755,2.771,278.084,
6/7/2018,1.71,813,1.766,5.771,275.598,
6/6/2018,1.73,805,1.781,16.772,289.454,
6/5/2018,1.75,797,1.796,6.635,282.852,
6/4/2018,1.80,825,1.841,11.166,288.988,
6/1/2018,1.81,807,1.884,12.546,280.932,
5/31/2018,1.81,872,1.985,21.475,354.393,
5/30/2018,1.72,801,1.801,3.920,334.815,
5/29/2018,1.72,796,1.794,0.880,334.815,
5/28/2018,1.73,749,1.795,0.020,324.686,
5/25/2018,1.73,749,1.795,0.020,324.686,
5/24/2018,1.74,772,1.791,6.620,311.183,
5/23/2018,1.67,729,1.714,2.929,312.169,
5/22/2018,1.65,748,1.670,3.951,327.648,
5/21/2018,1.69,772,1.715,5.404,334.686,
5/18/2018,1.73,750,1.762,9.120,327.372,
5/17/2018,1.74,754,1.800,1.896,328.498,
5/16/2018,1.75,754,1.789,2.545,333.251,
5/15/2018,1.79,770,1.837,2.095,333.251,
5/14/2018,1.75,741,1.794,3.859,347.471,
5/11/2018,1.73,746,1.800,3.222,338.034,
5/10/2018,1.73,737,1.793,4.645,338.237,
5/9/2018,1.72,783,1.771,2.720,338.377,
5/8/2018,1.72,746,1.778,3.921,354.299,
5/7/2018,1.71,760,1.766,3.220,362.193,
5/4/2018,1.72,752,1.767,5.415,355.182,
5/3/2018,1.74,759,1.777,5.775,355.775,
5/2/2018,1.75,753,1.789,6.520,384.961,
5/1/2018,1.76,761,1.808,3.820,381.742,
4/30/2018,1.77,775,1.827,13.830,419.376,
4/27/2018,1.72,732,1.772,2.920,406.195,
4/26/2018,1.72,725,1.776,3.795,395.225,
4/25/2018,1.71,728,1.756,3.570,403.067,
4/24/2018,1.71,747,1.755,9.532,413.608,
4/23/2018,1.70,755,1.742,10.821,365.561,
4/20/2018,1.72,726,1.759,12.020,336.271,
4/19/2018,1.73,745,1.777,13.920,326.142,
4/18/2018,1.75,738,1.804,14.021,350.943,
4/17/2018,1.76,729,1.829,3.971,351.336,
4/16/2018,1.77,770,1.836,3.372,262.442,
4/13/2018,1.72,776,1.796,3.471,245.560,
4/12/2018,1.73,871,1.786,4.120,225.320,
4/11/2018,1.76,811,1.823,2.361,287.804,
4/10/2018,1.75,811,1.825,3.990,302.176,
4/9/2018,1.75,833,1.834,4.070,301.022,
4/6/2018,1.75,845,1.819,4.895,291.637,
4/5/2018,1.75,829,1.830,4.645,292.669,
4/4/2018,1.74,859,1.795,4.570,300.604,
4/3/2018,1.83,825,1.930,8.695,299.702,
4/2/2018,1.80,849,1.950,3.823,324.262,